fecha,hora,tiempo,partida,# palabras a adivinar,nombre_evento,usuarie-nick,usuarie-genero,usuarie-edad,estado,palabra,nivel,dificultad
25/06/21,15:51:25,2:00,1,6.0,inicio_partida,Maxi,Masculino,19,,,1,Fácil
25/06/21,15:51:26,1:59,1,6.0,intento,Maxi,Masculino,19,error,Reino Unido,1,Fácil
25/06/21,15:51:28,1:58,1,6.0,intento,Maxi,Masculino,19,correcto,Reino Unido,1,Fácil
25/06/21,15:51:29,1:56,1,6.0,intento,Maxi,Masculino,19,error,Dinamarca,1,Fácil
25/06/21,15:51:31,1:55,1,6.0,intento,Maxi,Masculino,19,correcto,Italia,1,Fácil
25/06/21,15:51:32,1:53,1,6.0,intento,Maxi,Masculino,19,correcto,Dinamarca,1,Fácil
25/06/21,15:51:33,1:52,1,6.0,intento,Maxi,Masculino,19,error,India,1,Fácil
25/06/21,15:51:35,1:51,1,6.0,intento,Maxi,Masculino,19,correcto,India,1,Fácil
25/06/21,15:51:36,1:50,1,6.0,intento,Maxi,Masculino,19,error,China,1,Fácil
25/06/21,15:51:37,1:48,1,6.0,intento,Maxi,Masculino,19,correcto,China,1,Fácil
25/06/21,15:51:38,1:47,1,6.0,intento,Maxi,Masculino,19,correcto,Brasil,1,Fácil
25/06/21,15:51:39,1:47,1,6.0,fin_partida,Maxi,Masculino,19,nivel_ganado,,1,Fácil
25/06/21,15:52:14,2:40,2,10.0,inicio_partida,Maxi,Masculino,19,,,3,Fácil
25/06/21,15:52:15,2:40,2,10.0,intento,Maxi,Masculino,19,error,India,3,Fácil
25/06/21,15:52:16,2:39,2,10.0,intento,Maxi,Masculino,19,error,España,3,Fácil
25/06/21,15:52:17,2:38,2,10.0,intento,Maxi,Masculino,19,error,Canadá,3,Fácil
25/06/21,15:52:19,2:35,2,10.0,intento,Maxi,Masculino,19,error,España,3,Fácil
25/06/21,17:37:22,1:40,3,4.0,inicio_partida,Relderf,Masculino,30,,,1,Normal
25/06/21,17:37:23,1:39,3,4.0,intento,Relderf,Masculino,30,error,ARG,1,Normal
25/06/21,17:37:25,1:38,3,4.0,intento,Relderf,Masculino,30,error,SLE,1,Normal
25/06/21,17:37:27,1:36,3,4.0,intento,Relderf,Masculino,30,error,ARG,1,Normal
25/06/21,17:37:28,1:34,3,4.0,intento,Relderf,Masculino,30,error,SLE,1,Normal
25/06/21,17:37:30,1:32,3,4.0,intento,Relderf,Masculino,30,error,IRN,1,Normal
25/06/21,17:37:32,1:31,3,4.0,intento,Relderf,Masculino,30,error,SLE,1,Normal
25/06/21,17:37:34,1:29,3,4.0,intento,Relderf,Masculino,30,error,SLE,1,Normal
25/06/21,17:37:36,1:27,3,4.0,intento,Relderf,Masculino,30,error,GRD,1,Normal
25/06/21,17:37:37,1:26,3,4.0,intento,Relderf,Masculino,30,error,ARG,1,Normal
25/06/21,17:37:39,1:24,3,4.0,intento,Relderf,Masculino,30,error,GRD,1,Normal
25/06/21,17:37:41,1:22,3,4.0,intento,Relderf,Masculino,30,correcto,IRN,1,Normal
25/06/21,17:37:43,1:20,3,4.0,intento,Relderf,Masculino,30,error,GRD,1,Normal
25/06/21,17:37:45,1:18,3,4.0,intento,Relderf,Masculino,30,error,ARG,1,Normal
25/06/21,17:37:47,1:16,3,4.0,intento,Relderf,Masculino,30,error,GRD,1,Normal
25/06/21,17:37:49,1:14,3,4.0,intento,Relderf,Masculino,30,error,ARG,1,Normal
25/06/21,17:37:50,1:13,3,4.0,intento,Relderf,Masculino,30,error,GRD,1,Normal
25/06/21,17:37:53,1:10,3,4.0,intento,Relderf,Masculino,30,error,SLE,1,Normal
25/06/21,17:37:56,1:07,3,4.0,intento,Relderf,Masculino,30,error,ARG,1,Normal
25/06/21,17:37:58,1:05,3,4.0,intento,Relderf,Masculino,30,correcto,ARG,1,Normal
25/06/21,17:38:00,1:03,3,4.0,intento,Relderf,Masculino,30,error,SLE,1,Normal
25/06/21,17:38:02,1:01,3,4.0,intento,Relderf,Masculino,30,error,SLE,1,Normal
25/06/21,17:38:04,0:59,3,4.0,intento,Relderf,Masculino,30,correcto,SLE,1,Normal
25/06/21,17:39:33,0:42,3,4.0,intento,Relderf,Masculino,30,correcto,GRD,1,Normal
25/06/21,17:39:34,0:42,3,4.0,fin_partida,Relderf,Masculino,30,nivel_ganado,,1,Normal
25/06/21,17:39:38,2:00,4,5.0,inicio_partida,Relderf,Masculino,30,,,2,Normal
25/06/21,17:39:43,1:55,4,5.0,intento,Relderf,Masculino,30,error,,2,Normal
25/06/21,17:39:45,1:53,4,5.0,intento,Relderf,Masculino,30,error,MKD,2,Normal
25/06/21,17:39:47,1:52,4,5.0,intento,Relderf,Masculino,30,error,MKD,2,Normal
25/06/21,17:39:48,1:50,4,5.0,intento,Relderf,Masculino,30,error,SLE,2,Normal
25/06/21,17:39:51,1:48,4,5.0,intento,Relderf,Masculino,30,error,SLV,2,Normal
25/06/21,17:39:53,1:45,4,5.0,intento,Relderf,Masculino,30,error,ARG,2,Normal
25/06/21,17:39:55,1:43,4,5.0,intento,Relderf,Masculino,30,error,SLV,2,Normal
25/06/21,17:39:58,1:40,4,5.0,intento,Relderf,Masculino,30,error,SLE,2,Normal
25/06/21,17:40:01,1:37,4,5.0,intento,Relderf,Masculino,30,error,SLV,2,Normal
25/06/21,17:40:03,1:35,4,5.0,intento,Relderf,Masculino,30,error,MKD,2,Normal
25/06/21,17:40:07,1:31,4,5.0,intento,Relderf,Masculino,30,error,SLE,2,Normal
25/06/21,17:40:09,1:29,4,5.0,intento,Relderf,Masculino,30,correcto,SLE,2,Normal
25/06/21,17:40:11,1:27,4,5.0,intento,Relderf,Masculino,30,error,SLV,2,Normal
25/06/21,17:40:14,1:25,4,5.0,intento,Relderf,Masculino,30,error,ARG,2,Normal
25/06/21,17:40:16,1:23,4,5.0,intento,Relderf,Masculino,30,error,,2,Normal
25/06/21,17:40:17,1:21,4,5.0,intento,Relderf,Masculino,30,error,ARG,2,Normal
25/06/21,17:40:20,1:18,4,5.0,intento,Relderf,Masculino,30,error,SLV,2,Normal
25/06/21,17:40:22,1:16,4,5.0,intento,Relderf,Masculino,30,error,,2,Normal
25/06/21,17:40:24,1:14,4,5.0,intento,Relderf,Masculino,30,error,MKD,2,Normal
25/06/21,17:40:26,1:12,4,5.0,intento,Relderf,Masculino,30,correcto,,2,Normal
25/06/21,17:40:29,1:09,4,5.0,intento,Relderf,Masculino,30,error,MKD,2,Normal
25/06/21,17:40:31,1:07,4,5.0,intento,Relderf,Masculino,30,error,MKD,2,Normal
25/06/21,17:40:33,1:05,4,5.0,intento,Relderf,Masculino,30,correcto,MKD,2,Normal
25/06/21,17:40:35,1:03,4,5.0,intento,Relderf,Masculino,30,error,ARG,2,Normal
25/06/21,17:40:37,1:01,4,5.0,intento,Relderf,Masculino,30,correcto,SLV,2,Normal
25/06/21,17:40:42,0:56,4,5.0,intento,Relderf,Masculino,30,correcto,ARG,2,Normal
25/06/21,17:40:55,0:56,4,5.0,fin_partida,Relderf,Masculino,30,nivel_ganado,,2,Normal
25/06/21,17:41:10,2:20,5,8.0,inicio_partida,Relderf,Masculino,30,,,3,Normal
25/06/21,17:41:11,2:19,5,8.0,intento,Relderf,Masculino,30,error,GUY,3,Normal
25/06/21,17:41:12,2:18,5,8.0,intento,Relderf,Masculino,30,error,BLR,3,Normal
25/06/21,17:41:15,2:15,5,8.0,intento,Relderf,Masculino,30,error,SLV,3,Normal
25/06/21,17:41:16,2:14,5,8.0,intento,Relderf,Masculino,30,error,GUY,3,Normal
25/06/21,17:41:18,2:12,5,8.0,intento,Relderf,Masculino,30,error,BLR,3,Normal
25/06/21,17:41:20,2:10,5,8.0,intento,Relderf,Masculino,30,error,IRN,3,Normal
25/06/21,17:41:22,2:09,5,8.0,intento,Relderf,Masculino,30,error,VGB,3,Normal
25/06/21,17:41:25,2:05,5,8.0,intento,Relderf,Masculino,30,correcto,VGB,3,Normal
25/06/21,17:41:28,2:02,5,8.0,intento,Relderf,Masculino,30,error,IRN,3,Normal
25/06/21,17:41:30,2:01,5,8.0,intento,Relderf,Masculino,30,error,GRD,3,Normal
25/06/21,17:41:32,1:59,5,8.0,intento,Relderf,Masculino,30,correcto,IRN,3,Normal
25/06/21,17:41:33,1:57,5,8.0,intento,Relderf,Masculino,30,error,SLV,3,Normal
25/06/21,17:41:35,1:55,5,8.0,intento,Relderf,Masculino,30,error,SLV,3,Normal
25/06/21,17:41:37,1:53,5,8.0,intento,Relderf,Masculino,30,error,GRD,3,Normal
25/06/21,17:41:39,1:51,5,8.0,intento,Relderf,Masculino,30,error,CAN,3,Normal
25/06/21,17:41:41,1:49,5,8.0,intento,Relderf,Masculino,30,error,GUY,3,Normal
25/06/21,17:41:43,1:47,5,8.0,intento,Relderf,Masculino,30,correcto,CAN,3,Normal
25/06/21,17:41:46,1:44,5,8.0,intento,Relderf,Masculino,30,error,GRD,3,Normal
25/06/21,17:41:48,1:42,5,8.0,intento,Relderf,Masculino,30,error,SLV,3,Normal
25/06/21,17:41:50,1:40,5,8.0,intento,Relderf,Masculino,30,error,BLR,3,Normal
25/06/21,17:41:52,1:39,5,8.0,intento,Relderf,Masculino,30,correcto,SLV,3,Normal
25/06/21,17:41:53,1:37,5,8.0,intento,Relderf,Masculino,30,error,GUY,3,Normal
25/06/21,17:41:56,1:35,5,8.0,intento,Relderf,Masculino,30,error,GRD,3,Normal
25/06/21,17:41:57,1:33,5,8.0,intento,Relderf,Masculino,30,error,GUY,3,Normal
25/06/21,17:42:00,1:30,5,8.0,intento,Relderf,Masculino,30,error,BLR,3,Normal
25/06/21,17:42:02,1:28,5,8.0,intento,Relderf,Masculino,30,error,BLR,3,Normal
25/06/21,17:42:04,1:26,5,8.0,intento,Relderf,Masculino,30,error,GRD,3,Normal
25/06/21,17:42:06,1:25,5,8.0,intento,Relderf,Masculino,30,correcto,RUS,3,Normal
25/06/21,17:42:08,1:23,5,8.0,intento,Relderf,Masculino,30,error,GUY,3,Normal
25/06/21,17:42:10,1:20,5,8.0,intento,Relderf,Masculino,30,error,BLR,3,Normal
25/06/21,17:42:12,1:19,5,8.0,intento,Relderf,Masculino,30,correcto,GUY,3,Normal
25/06/21,17:42:13,1:17,5,8.0,intento,Relderf,Masculino,30,error,BLR,3,Normal
25/06/21,17:42:16,1:14,5,8.0,intento,Relderf,Masculino,30,correcto,GRD,3,Normal
25/06/21,17:42:18,1:13,5,8.0,intento,Relderf,Masculino,30,correcto,BLR,3,Normal
25/06/21,17:42:19,1:13,5,8.0,fin_partida,Relderf,Masculino,30,nivel_ganado,,3,Normal
25/06/21,17:42:25,3:00,6,10.0,inicio_partida,Relderf,Masculino,30,,,4,Normal
25/06/21,17:42:27,2:58,6,10.0,intento,Relderf,Masculino,30,error,MKD,4,Normal
25/06/21,17:42:29,2:56,6,10.0,intento,Relderf,Masculino,30,error,ARG,4,Normal
25/06/21,17:42:31,2:55,6,10.0,intento,Relderf,Masculino,30,correcto,MKD,4,Normal
25/06/21,17:42:32,2:53,6,10.0,intento,Relderf,Masculino,30,error,IRN,4,Normal
25/06/21,17:42:35,2:51,6,10.0,intento,Relderf,Masculino,30,error,SLE,4,Normal
25/06/21,17:42:37,2:48,6,10.0,intento,Relderf,Masculino,30,error,RUS,4,Normal
25/06/21,17:42:40,2:46,6,10.0,intento,Relderf,Masculino,30,error,BLR,4,Normal
25/06/21,17:42:41,2:44,6,10.0,intento,Relderf,Masculino,30,error,RUS,4,Normal
25/06/21,17:42:43,2:42,6,10.0,intento,Relderf,Masculino,30,error,IRN,4,Normal
25/06/21,17:42:45,2:40,6,10.0,intento,Relderf,Masculino,30,error,RUS,4,Normal
25/06/21,17:42:46,2:39,6,10.0,intento,Relderf,Masculino,30,error,CHE,4,Normal
25/06/21,17:42:48,2:37,6,10.0,intento,Relderf,Masculino,30,error,SLE,4,Normal
25/06/21,17:42:50,2:36,6,10.0,intento,Relderf,Masculino,30,error,CAN,4,Normal
25/06/21,17:42:52,2:34,6,10.0,intento,Relderf,Masculino,30,error,BLR,4,Normal
25/06/21,17:42:54,2:32,6,10.0,intento,Relderf,Masculino,30,error,,4,Normal
25/06/21,17:42:56,2:29,6,10.0,intento,Relderf,Masculino,30,error,IRN,4,Normal
25/06/21,17:42:58,2:27,6,10.0,intento,Relderf,Masculino,30,error,BLR,4,Normal
25/06/21,17:43:00,2:25,6,10.0,intento,Relderf,Masculino,30,error,CHE,4,Normal
25/06/21,17:43:02,2:24,6,10.0,intento,Relderf,Masculino,30,error,SLE,4,Normal
25/06/21,17:43:04,2:22,6,10.0,intento,Relderf,Masculino,30,error,SLE,4,Normal
25/06/21,17:43:06,2:20,6,10.0,intento,Relderf,Masculino,30,error,SLE,4,Normal
25/06/21,17:43:08,2:18,6,10.0,intento,Relderf,Masculino,30,error,IRN,4,Normal
25/06/21,17:43:11,2:15,6,10.0,intento,Relderf,Masculino,30,error,CHE,4,Normal
25/06/21,17:43:13,2:13,6,10.0,intento,Relderf,Masculino,30,error,CHE,4,Normal
25/06/21,17:43:15,2:11,6,10.0,intento,Relderf,Masculino,30,error,BLR,4,Normal
25/06/21,17:43:17,2:09,6,10.0,intento,Relderf,Masculino,30,correcto,CHE,4,Normal
25/06/21,17:43:18,2:07,6,10.0,intento,Relderf,Masculino,30,error,IRN,4,Normal
25/06/21,17:43:20,2:06,6,10.0,intento,Relderf,Masculino,30,error,BLR,4,Normal
25/06/21,17:43:37,2:03,6,10.0,intento,Relderf,Masculino,30,error,,4,Normal
25/06/21,17:43:39,2:01,6,10.0,intento,Relderf,Masculino,30,error,BLR,4,Normal
25/06/21,17:43:41,1:59,6,10.0,intento,Relderf,Masculino,30,error,ARG,4,Normal
25/06/21,17:43:42,1:58,6,10.0,intento,Relderf,Masculino,30,error,,4,Normal
25/06/21,17:43:44,1:56,6,10.0,intento,Relderf,Masculino,30,error,CAN,4,Normal
25/06/21,17:43:48,1:52,6,10.0,intento,Relderf,Masculino,30,error,ARG,4,Normal
25/06/21,17:43:50,1:51,6,10.0,intento,Relderf,Masculino,30,error,RUS,4,Normal
25/06/21,17:43:52,1:48,6,10.0,intento,Relderf,Masculino,30,error,SLV,4,Normal
25/06/21,17:43:54,1:46,6,10.0,intento,Relderf,Masculino,30,error,,4,Normal
25/06/21,17:43:56,1:45,6,10.0,intento,Relderf,Masculino,30,error,RUS,4,Normal
25/06/21,17:43:57,1:43,6,10.0,intento,Relderf,Masculino,30,error,BLR,4,Normal
25/06/21,17:44:00,1:40,6,10.0,intento,Relderf,Masculino,30,error,SLV,4,Normal
25/06/21,17:44:01,1:39,6,10.0,intento,Relderf,Masculino,30,error,SLE,4,Normal
25/06/21,17:44:05,1:35,6,10.0,intento,Relderf,Masculino,30,error,SLE,4,Normal
25/06/21,17:44:07,1:34,6,10.0,intento,Relderf,Masculino,30,error,IRN,4,Normal
25/06/21,17:44:10,1:31,6,10.0,intento,Relderf,Masculino,30,error,SLV,4,Normal
25/06/21,17:44:12,1:28,6,10.0,intento,Relderf,Masculino,30,error,RUS,4,Normal
25/06/21,17:44:13,1:27,6,10.0,intento,Relderf,Masculino,30,error,BLR,4,Normal
25/06/21,17:44:15,1:25,6,10.0,intento,Relderf,Masculino,30,error,SLE,4,Normal
25/06/21,17:44:17,1:23,6,10.0,intento,Relderf,Masculino,30,error,CAN,4,Normal
25/06/21,17:44:19,1:21,6,10.0,intento,Relderf,Masculino,30,correcto,RUS,4,Normal
25/06/21,17:44:22,1:18,6,10.0,intento,Relderf,Masculino,30,error,,4,Normal
25/06/21,17:44:24,1:16,6,10.0,intento,Relderf,Masculino,30,error,IRN,4,Normal
25/06/21,17:44:26,1:15,6,10.0,intento,Relderf,Masculino,30,error,SLE,4,Normal
25/06/21,17:44:27,1:13,6,10.0,intento,Relderf,Masculino,30,error,SLE,4,Normal
25/06/21,17:44:29,1:11,6,10.0,intento,Relderf,Masculino,30,error,BLR,4,Normal
25/06/21,17:44:31,1:10,6,10.0,intento,Relderf,Masculino,30,error,SLE,4,Normal
25/06/21,17:44:33,1:07,6,10.0,intento,Relderf,Masculino,30,correcto,,4,Normal
25/06/21,17:44:36,1:05,6,10.0,intento,Relderf,Masculino,30,error,BLR,4,Normal
25/06/21,17:44:39,1:01,6,10.0,intento,Relderf,Masculino,30,error,SLV,4,Normal
25/06/21,17:44:42,0:59,6,10.0,intento,Relderf,Masculino,30,error,ARG,4,Normal
25/06/21,17:44:44,0:56,6,10.0,intento,Relderf,Masculino,30,error,ARG,4,Normal
25/06/21,17:44:47,0:53,6,10.0,intento,Relderf,Masculino,30,correcto,ARG,4,Normal
25/06/21,17:44:49,0:51,6,10.0,intento,Relderf,Masculino,30,error,BLR,4,Normal
25/06/21,17:44:52,0:49,6,10.0,intento,Relderf,Masculino,30,error,SLE,4,Normal
25/06/21,17:44:55,0:46,6,10.0,intento,Relderf,Masculino,30,error,SLV,4,Normal
25/06/21,17:44:58,0:43,6,10.0,intento,Relderf,Masculino,30,correcto,SLV,4,Normal
25/06/21,17:44:59,0:41,6,10.0,intento,Relderf,Masculino,30,error,IRN,4,Normal
25/06/21,17:45:02,0:39,6,10.0,intento,Relderf,Masculino,30,error,IRN,4,Normal
25/06/21,17:45:04,0:36,6,10.0,intento,Relderf,Masculino,30,error,BLR,4,Normal
25/06/21,17:45:06,0:34,6,10.0,intento,Relderf,Masculino,30,error,BLR,4,Normal
25/06/21,17:45:10,0:31,6,10.0,intento,Relderf,Masculino,30,error,BLR,4,Normal
25/06/21,17:45:12,0:28,6,10.0,intento,Relderf,Masculino,30,error,IRN,4,Normal
25/06/21,17:45:14,0:26,6,10.0,intento,Relderf,Masculino,30,error,CAN,4,Normal
25/06/21,17:45:17,0:23,6,10.0,intento,Relderf,Masculino,30,correcto,IRN,4,Normal
25/06/21,17:45:19,0:21,6,10.0,intento,Relderf,Masculino,30,error,BLR,4,Normal
25/06/21,17:45:21,0:19,6,10.0,intento,Relderf,Masculino,30,error,SLE,4,Normal
25/06/21,17:45:23,0:17,6,10.0,intento,Relderf,Masculino,30,correcto,BLR,4,Normal
25/06/21,17:45:25,0:15,6,10.0,intento,Relderf,Masculino,30,error,CAN,4,Normal
25/06/21,17:45:28,0:12,6,10.0,intento,Relderf,Masculino,30,correcto,CAN,4,Normal
25/06/21,17:45:30,0:10,6,10.0,intento,Relderf,Masculino,30,correcto,SLE,4,Normal
25/06/21,17:45:38,0:10,6,10.0,fin_partida,Relderf,Masculino,30,nivel_ganado,,4,Normal
25/06/21,17:45:38,0:10,6,10.0,fin_partida,Relderf,Masculino,30,partida_ganada,,4,Normal
25/06/21,17:52:10,2:40,7,10.0,inicio_partida,Lore,Femenino,33,,,3,Fácil
25/06/21,17:52:12,2:39,7,10.0,intento,Lore,Femenino,33,error,España,3,Fácil
25/06/21,17:52:13,2:38,7,10.0,intento,Lore,Femenino,33,error,Italia,3,Fácil
25/06/21,17:52:14,2:36,7,10.0,intento,Lore,Femenino,33,error,Estados Unidos,3,Fácil
25/06/21,17:52:15,2:35,7,10.0,intento,Lore,Femenino,33,error,Suiza,3,Fácil
25/06/21,17:52:17,2:34,7,10.0,intento,Lore,Femenino,33,error,Brasil,3,Fácil
25/06/21,17:52:18,2:33,7,10.0,intento,Lore,Femenino,33,error,Chile,3,Fácil
25/06/21,17:52:22,2:31,7,10.0,intento,Lore,Femenino,33,error,China,3,Fácil
25/06/21,17:52:23,2:30,7,10.0,intento,Lore,Femenino,33,error,Italia,3,Fácil
25/06/21,17:52:24,2:29,7,10.0,intento,Lore,Femenino,33,error,Dinamarca,3,Fácil
25/06/21,17:52:25,2:28,7,10.0,intento,Lore,Femenino,33,correcto,España,3,Fácil
25/06/21,17:52:25,2:27,7,10.0,intento,Lore,Femenino,33,error,China,3,Fácil
25/06/21,17:52:27,2:26,7,10.0,intento,Lore,Femenino,33,correcto,China,3,Fácil
25/06/21,17:52:27,2:25,7,10.0,intento,Lore,Femenino,33,error,Italia,3,Fácil
25/06/21,17:52:28,2:24,7,10.0,intento,Lore,Femenino,33,error,Dinamarca,3,Fácil
25/06/21,17:52:29,2:23,7,10.0,intento,Lore,Femenino,33,error,Canadá,3,Fácil
25/06/21,17:52:31,2:21,7,10.0,intento,Lore,Femenino,33,correcto,Italia,3,Fácil
25/06/21,17:52:32,2:20,7,10.0,intento,Lore,Femenino,33,error,Reino Unido,3,Fácil
25/06/21,17:52:33,2:19,7,10.0,intento,Lore,Femenino,33,error,Reino Unido,3,Fácil
25/06/21,17:52:34,2:18,7,10.0,intento,Lore,Femenino,33,correcto,Reino Unido,3,Fácil
25/06/21,17:52:35,2:17,7,10.0,intento,Lore,Femenino,33,error,Estados Unidos,3,Fácil
25/06/21,17:52:37,2:16,7,10.0,intento,Lore,Femenino,33,error,Chile,3,Fácil
25/06/21,17:52:38,2:15,7,10.0,intento,Lore,Femenino,33,error,Estados Unidos,3,Fácil
25/06/21,17:52:39,2:13,7,10.0,intento,Lore,Femenino,33,correcto,Estados Unidos,3,Fácil
25/06/21,17:52:40,2:13,7,10.0,intento,Lore,Femenino,33,error,Suiza,3,Fácil
25/06/21,17:52:41,2:11,7,10.0,intento,Lore,Femenino,33,error,Brasil,3,Fácil
25/06/21,17:52:42,2:10,7,10.0,intento,Lore,Femenino,33,correcto,Dinamarca,3,Fácil
25/06/21,17:52:43,2:09,7,10.0,intento,Lore,Femenino,33,error,Suiza,3,Fácil
25/06/21,17:52:45,2:07,7,10.0,intento,Lore,Femenino,33,error,Brasil,3,Fácil
25/06/21,17:52:47,2:06,7,10.0,intento,Lore,Femenino,33,correcto,Chile,3,Fácil
25/06/21,17:52:48,2:05,7,10.0,intento,Lore,Femenino,33,error,Canadá,3,Fácil
25/06/21,17:52:49,2:03,7,10.0,intento,Lore,Femenino,33,correcto,Brasil,3,Fácil
25/06/21,17:52:51,2:01,7,10.0,intento,Lore,Femenino,33,error,Canadá,3,Fácil
25/06/21,17:52:52,2:00,7,10.0,intento,Lore,Femenino,33,correcto,Canadá,3,Fácil
25/06/21,17:52:53,1:59,7,10.0,intento,Lore,Femenino,33,correcto,Suiza,3,Fácil
25/06/21,17:52:55,1:59,7,10.0,fin_partida,Lore,Femenino,33,nivel_ganado,,3,Fácil
25/06/21,17:52:55,1:59,7,10.0,fin_partida,Lore,Femenino,33,partida_ganada,,3,Fácil
25/06/21,20:05:36,2:40,8,10.0,inicio_partida,Relderf,Masculino,30,,,3,Fácil
25/06/21,20:05:37,2:40,8,10.0,intento,Relderf,Masculino,30,error,India,3,Fácil
25/06/21,20:05:38,2:39,8,10.0,intento,Relderf,Masculino,30,error,Brasil,3,Fácil
25/06/21,20:05:38,2:39,8,10.0,intento,Relderf,Masculino,30,error,Brasil,3,Fácil
25/06/21,20:05:39,2:38,8,10.0,intento,Relderf,Masculino,30,correcto,Brasil,3,Fácil
25/06/21,20:05:40,2:37,8,10.0,intento,Relderf,Masculino,30,error,Uruguay,3,Fácil
25/06/21,20:05:41,2:36,8,10.0,intento,Relderf,Masculino,30,error,Canadá,3,Fácil
25/06/21,20:05:42,2:35,8,10.0,intento,Relderf,Masculino,30,error,Uruguay,3,Fácil
25/06/21,20:05:43,2:34,8,10.0,intento,Relderf,Masculino,30,error,Argentina,3,Fácil
25/06/21,20:05:44,2:33,8,10.0,intento,Relderf,Masculino,30,error,Suiza,3,Fácil
25/06/21,20:05:45,2:32,8,10.0,intento,Relderf,Masculino,30,correcto,Uruguay,3,Fácil
25/06/21,20:05:46,2:31,8,10.0,intento,Relderf,Masculino,30,error,Belgica,3,Fácil
25/06/21,20:05:47,2:30,8,10.0,intento,Relderf,Masculino,30,error,Belgica,3,Fácil
25/06/21,20:05:47,2:29,8,10.0,intento,Relderf,Masculino,30,correcto,Belgica,3,Fácil
25/06/21,20:05:48,2:29,8,10.0,intento,Relderf,Masculino,30,error,India,3,Fácil
25/06/21,20:05:49,2:28,8,10.0,intento,Relderf,Masculino,30,error,España,3,Fácil
25/06/21,20:05:50,2:27,8,10.0,intento,Relderf,Masculino,30,error,Argentina,3,Fácil
25/06/21,20:05:51,2:26,8,10.0,intento,Relderf,Masculino,30,correcto,India,3,Fácil
25/06/21,20:05:52,2:25,8,10.0,intento,Relderf,Masculino,30,error,Canadá,3,Fácil
25/06/21,20:05:53,2:24,8,10.0,intento,Relderf,Masculino,30,error,Reino Unido,3,Fácil
25/06/21,20:05:55,2:22,8,10.0,intento,Relderf,Masculino,30,error,Argentina,3,Fácil
25/06/21,20:05:56,2:21,8,10.0,intento,Relderf,Masculino,30,error,Suiza,3,Fácil
25/06/21,20:05:57,2:20,8,10.0,intento,Relderf,Masculino,30,correcto,Argentina,3,Fácil
25/06/21,20:05:58,2:19,8,10.0,intento,Relderf,Masculino,30,error,Reino Unido,3,Fácil
25/06/21,20:06:00,2:17,8,10.0,intento,Relderf,Masculino,30,error,Italia,3,Fácil
25/06/21,20:06:01,2:16,8,10.0,intento,Relderf,Masculino,30,error,Reino Unido,3,Fácil
25/06/21,20:06:03,2:14,8,10.0,intento,Relderf,Masculino,30,correcto,Suiza,3,Fácil
25/06/21,20:06:04,2:13,8,10.0,intento,Relderf,Masculino,30,error,Reino Unido,3,Fácil
25/06/21,20:06:05,2:12,8,10.0,intento,Relderf,Masculino,30,correcto,Reino Unido,3,Fácil
25/06/21,20:06:07,2:10,8,10.0,intento,Relderf,Masculino,30,correcto,Canadá,3,Fácil
25/06/21,20:06:08,2:09,8,10.0,intento,Relderf,Masculino,30,correcto,España,3,Fácil
25/06/21,20:06:09,2:08,8,10.0,intento,Relderf,Masculino,30,correcto,Italia,3,Fácil
25/06/21,20:06:10,2:08,8,10.0,fin_partida,Relderf,Masculino,30,nivel_ganado,,3,Fácil
25/06/21,20:06:10,2:08,8,10.0,fin_partida,Relderf,Masculino,30,partida_ganada,,3,Fácil
25/06/21,21:50:42,2:40,9,10.0,inicio_partida,Relderf,Masculino,30,,,3,Fácil
25/06/21,21:50:42,2:40,9,10.0,intento,Relderf,Masculino,30,error,Canadá,3,Fácil
25/06/21,21:50:44,2:38,9,10.0,intento,Relderf,Masculino,30,correcto,Canadá,3,Fácil
25/06/21,21:50:46,2:37,9,10.0,intento,Relderf,Masculino,30,error,Estados Unidos,3,Fácil
25/06/21,21:50:47,2:36,9,10.0,intento,Relderf,Masculino,30,error,Belgica,3,Fácil
25/06/21,21:50:47,2:35,9,10.0,intento,Relderf,Masculino,30,error,Dinamarca,3,Fácil
25/06/21,21:50:49,2:33,9,10.0,intento,Relderf,Masculino,30,error,Uruguay,3,Fácil
25/06/21,21:50:51,2:32,9,10.0,intento,Relderf,Masculino,30,error,Estados Unidos,3,Fácil
25/06/21,21:50:52,2:30,9,10.0,intento,Relderf,Masculino,30,correcto,Estados Unidos,3,Fácil
25/06/21,21:50:53,2:29,9,10.0,intento,Relderf,Masculino,30,error,China,3,Fácil
25/06/21,21:50:54,2:28,9,10.0,intento,Relderf,Masculino,30,error,Uruguay,3,Fácil
25/06/21,21:50:56,2:27,9,10.0,intento,Relderf,Masculino,30,error,Suiza,3,Fácil
25/06/21,21:50:57,2:26,9,10.0,intento,Relderf,Masculino,30,error,España,3,Fácil
25/06/21,21:50:59,2:24,9,10.0,intento,Relderf,Masculino,30,error,Belgica,3,Fácil
25/06/21,21:51:00,2:22,9,10.0,intento,Relderf,Masculino,30,correcto,China,3,Fácil
25/06/21,21:51:01,2:21,9,10.0,intento,Relderf,Masculino,30,error,Belgica,3,Fácil
25/06/21,21:51:03,2:20,9,10.0,intento,Relderf,Masculino,30,correcto,Uruguay,3,Fácil
25/06/21,21:51:03,2:19,9,10.0,intento,Relderf,Masculino,30,error,Dinamarca,3,Fácil
25/06/21,21:51:04,2:18,9,10.0,intento,Relderf,Masculino,30,correcto,Reino Unido,3,Fácil
25/06/21,21:51:06,2:16,9,10.0,intento,Relderf,Masculino,30,error,Suiza,3,Fácil
25/06/21,21:51:07,2:15,9,10.0,intento,Relderf,Masculino,30,error,Belgica,3,Fácil
25/06/21,21:51:08,2:14,9,10.0,intento,Relderf,Masculino,30,error,Suiza,3,Fácil
25/06/21,21:51:10,2:12,9,10.0,intento,Relderf,Masculino,30,correcto,España,3,Fácil
25/06/21,21:51:11,2:11,9,10.0,intento,Relderf,Masculino,30,error,Suiza,3,Fácil
25/06/21,21:51:13,2:09,9,10.0,intento,Relderf,Masculino,30,correcto,Dinamarca,3,Fácil
25/06/21,21:51:14,2:08,9,10.0,intento,Relderf,Masculino,30,error,Italia,3,Fácil
25/06/21,21:51:16,2:07,9,10.0,intento,Relderf,Masculino,30,error,Suiza,3,Fácil
25/06/21,21:51:17,2:05,9,10.0,intento,Relderf,Masculino,30,error,Belgica,3,Fácil
25/06/21,21:51:19,2:03,9,10.0,intento,Relderf,Masculino,30,correcto,Italia,3,Fácil
25/06/21,21:51:20,2:02,9,10.0,intento,Relderf,Masculino,30,correcto,Belgica,3,Fácil
25/06/21,21:51:21,2:01,9,10.0,intento,Relderf,Masculino,30,correcto,Suiza,3,Fácil
25/06/21,21:51:22,2:01,9,10.0,fin_partida,Relderf,Masculino,30,nivel_ganado,,3,Fácil
25/06/21,21:51:22,2:01,9,10.0,fin_partida,Relderf,Masculino,30,partida_ganada,,3,Fácil
26/06/21,01:44:34,2:00,10,6.0,inicio_partida,Relderf,Masculino,30,,,1,Fácil
26/06/21,01:44:37,1:58,10,6.0,intento,Relderf,Masculino,30,error,Fuego,1,Fácil
26/06/21,01:44:39,1:56,10,6.0,intento,Relderf,Masculino,30,error,Mapa,1,Fácil
26/06/21,01:44:40,1:55,10,6.0,intento,Relderf,Masculino,30,error,Bolsa,1,Fácil
26/06/21,01:44:41,1:54,10,6.0,intento,Relderf,Masculino,30,correcto,Fuego,1,Fácil
26/06/21,01:44:43,1:52,10,6.0,intento,Relderf,Masculino,30,error,Unicorn,1,Fácil
26/06/21,01:44:44,1:51,10,6.0,intento,Relderf,Masculino,30,error,Espada,1,Fácil
26/06/21,01:44:45,1:50,10,6.0,intento,Relderf,Masculino,30,error,Mapa,1,Fácil
26/06/21,01:44:47,1:48,10,6.0,intento,Relderf,Masculino,30,correcto,Espada,1,Fácil
26/06/21,01:44:49,1:46,10,6.0,intento,Relderf,Masculino,30,error,Dragon,1,Fácil
26/06/21,01:44:50,1:45,10,6.0,intento,Relderf,Masculino,30,error,Unicorn,1,Fácil
26/06/21,01:44:52,1:43,10,6.0,intento,Relderf,Masculino,30,correcto,Bolsa,1,Fácil
26/06/21,01:44:53,1:42,10,6.0,intento,Relderf,Masculino,30,error,Mapa,1,Fácil
26/06/21,01:44:58,1:37,10,6.0,intento,Relderf,Masculino,30,correcto,Dragon,1,Fácil
26/06/21,01:45:00,1:35,10,6.0,intento,Relderf,Masculino,30,correcto,Mapa,1,Fácil
26/06/21,01:45:02,1:33,10,6.0,intento,Relderf,Masculino,30,correcto,Unicorn,1,Fácil
26/06/21,01:45:07,1:33,10,6.0,fin_partida,Relderf,Masculino,30,nivel_ganado,,1,Fácil
26/06/21,01:45:12,2:20,11,8.0,inicio_partida,Relderf,Masculino,30,,,2,Fácil
26/06/21,01:45:14,2:19,11,8.0,intento,Relderf,Masculino,30,error,Casco,2,Fácil
26/06/21,01:45:16,2:17,11,8.0,intento,Relderf,Masculino,30,correcto,Fuego,2,Fácil
26/06/21,01:45:17,2:16,11,8.0,intento,Relderf,Masculino,30,error,Castillo,2,Fácil
26/06/21,01:45:19,2:14,11,8.0,intento,Relderf,Masculino,30,correcto,Hada,2,Fácil
26/06/21,01:45:21,2:12,11,8.0,intento,Relderf,Masculino,30,error,Arbol,2,Fácil
26/06/21,01:45:23,2:10,11,8.0,intento,Relderf,Masculino,30,error,Pocima,2,Fácil
26/06/21,01:45:24,2:09,11,8.0,intento,Relderf,Masculino,30,correcto,Casco,2,Fácil
26/06/21,01:45:26,2:07,11,8.0,intento,Relderf,Masculino,30,correcto,Pocima,2,Fácil
26/06/21,01:45:27,2:06,11,8.0,intento,Relderf,Masculino,30,error,Arbol,2,Fácil
26/06/21,01:45:29,2:04,11,8.0,intento,Relderf,Masculino,30,correcto,Castillo,2,Fácil
26/06/21,01:45:31,2:02,11,8.0,intento,Relderf,Masculino,30,correcto,Arbol,2,Fácil
26/06/21,01:45:33,2:00,11,8.0,intento,Relderf,Masculino,30,correcto,Carne,2,Fácil
26/06/21,01:45:34,1:59,11,8.0,intento,Relderf,Masculino,30,correcto,Unicorn,2,Fácil
26/06/21,01:45:39,1:59,11,8.0,fin_partida,Relderf,Masculino,30,nivel_ganado,,2,Fácil
26/06/21,01:45:44,2:40,12,10.0,inicio_partida,Relderf,Masculino,30,,,3,Fácil
26/06/21,01:45:45,2:39,12,10.0,intento,Relderf,Masculino,30,error,Castillo,3,Fácil
26/06/21,01:45:47,2:38,12,10.0,intento,Relderf,Masculino,30,error,Libro,3,Fácil
26/06/21,01:45:49,2:36,12,10.0,intento,Relderf,Masculino,30,error,Arco,3,Fácil
26/06/21,01:45:50,2:34,12,10.0,intento,Relderf,Masculino,30,correcto,Espada,3,Fácil
26/06/21,01:45:52,2:32,12,10.0,intento,Relderf,Masculino,30,error,Arbol,3,Fácil
26/06/21,01:45:55,2:30,12,10.0,intento,Relderf,Masculino,30,error,Libro,3,Fácil
26/06/21,01:45:57,2:28,12,10.0,intento,Relderf,Masculino,30,error,Hada,3,Fácil
26/06/21,01:45:58,2:26,12,10.0,intento,Relderf,Masculino,30,correcto,Hada,3,Fácil
26/06/21,01:46:00,2:24,12,10.0,intento,Relderf,Masculino,30,error,Castillo,3,Fácil
26/06/21,01:46:02,2:22,12,10.0,intento,Relderf,Masculino,30,correcto,Castillo,3,Fácil
26/06/21,01:46:05,2:20,12,10.0,intento,Relderf,Masculino,30,error,Mapa,3,Fácil
26/06/21,01:46:07,2:18,12,10.0,intento,Relderf,Masculino,30,correcto,Libro,3,Fácil
26/06/21,01:46:10,2:14,12,10.0,intento,Relderf,Masculino,30,error,Casco,3,Fácil
26/06/21,01:46:13,2:12,12,10.0,intento,Relderf,Masculino,30,correcto,Mapa,3,Fácil
26/06/21,01:46:15,2:09,12,10.0,intento,Relderf,Masculino,30,correcto,Arco,3,Fácil
26/06/21,01:46:17,2:07,12,10.0,intento,Relderf,Masculino,30,correcto,Casco,3,Fácil
26/06/21,01:46:20,2:05,12,10.0,intento,Relderf,Masculino,30,error,Fuego,3,Fácil
26/06/21,01:46:21,2:03,12,10.0,intento,Relderf,Masculino,30,correcto,Fuego,3,Fácil
26/06/21,01:46:23,2:02,12,10.0,intento,Relderf,Masculino,30,correcto,Dragon,3,Fácil
26/06/21,01:46:25,2:00,12,10.0,intento,Relderf,Masculino,30,correcto,Arbol,3,Fácil
26/06/21,01:46:26,2:00,12,10.0,fin_partida,Relderf,Masculino,30,nivel_ganado,,3,Fácil
26/06/21,01:46:26,2:00,12,10.0,fin_partida,Relderf,Masculino,30,partida_ganada,,3,Fácil
26/06/21,10:17:30,2:00,13,6.0,inicio_partida,Relderf,Masculino,30,,,1,Fácil
26/06/21,10:17:31,2:00,13,6.0,intento,Relderf,Masculino,30,error,North Macedonia,1,Fácil
26/06/21,10:17:31,1:59,13,6.0,intento,Relderf,Masculino,30,error,North Macedonia,1,Fácil
26/06/21,10:17:32,1:58,13,6.0,intento,Relderf,Masculino,30,error,Switzerland,1,Fácil
26/06/21,10:17:33,1:57,13,6.0,intento,Relderf,Masculino,30,error,Switzerland,1,Fácil
26/06/21,10:17:35,1:56,13,6.0,intento,Relderf,Masculino,30,error,Sierra Leone,1,Fácil
26/06/21,10:17:36,1:54,13,6.0,intento,Relderf,Masculino,30,correcto,Russia,1,Fácil
26/06/21,10:17:37,1:53,13,6.0,intento,Relderf,Masculino,30,error,Canada,1,Fácil
26/06/21,10:17:38,1:52,13,6.0,intento,Relderf,Masculino,30,error,Rwanda,1,Fácil
26/06/21,10:17:40,1:51,13,6.0,intento,Relderf,Masculino,30,error,North Macedonia,1,Fácil
26/06/21,10:17:42,1:49,13,6.0,intento,Relderf,Masculino,30,correcto,Rwanda,1,Fácil
26/06/21,10:17:43,1:47,13,6.0,intento,Relderf,Masculino,30,error,Switzerland,1,Fácil
26/06/21,10:17:45,1:45,13,6.0,intento,Relderf,Masculino,30,correcto,Switzerland,1,Fácil
26/06/21,10:17:46,1:44,13,6.0,intento,Relderf,Masculino,30,error,North Macedonia,1,Fácil
26/06/21,10:17:48,1:43,13,6.0,intento,Relderf,Masculino,30,error,North Macedonia,1,Fácil
26/06/21,10:17:49,1:42,13,6.0,intento,Relderf,Masculino,30,correcto,North Macedonia,1,Fácil
26/06/21,10:17:50,1:41,13,6.0,intento,Relderf,Masculino,30,correcto,Canada,1,Fácil
26/06/21,10:17:51,1:40,13,6.0,intento,Relderf,Masculino,30,correcto,Sierra Leone,1,Fácil
26/06/21,10:17:52,1:40,13,6.0,fin_partida,Relderf,Masculino,30,nivel_ganado,,1,Fácil
26/06/21,10:17:55,2:20,14,8.0,inicio_partida,Relderf,Masculino,30,,,2,Fácil
26/06/21,10:17:56,2:19,14,8.0,intento,Relderf,Masculino,30,error,Europe & Central Asia (IDA & IBRD),2,Fácil
26/06/21,10:17:57,2:18,14,8.0,intento,Relderf,Masculino,30,error,North Macedonia,2,Fácil
26/06/21,10:17:58,2:17,14,8.0,intento,Relderf,Masculino,30,error,Grenada,2,Fácil
26/06/21,10:17:59,2:16,14,8.0,intento,Relderf,Masculino,30,error,British Virgin Islands,2,Fácil
26/06/21,10:18:00,2:15,14,8.0,intento,Relderf,Masculino,30,correcto,British Virgin Islands,2,Fácil
26/06/21,10:18:01,2:14,14,8.0,intento,Relderf,Masculino,30,error,Europe & Central Asia (IDA & IBRD),2,Fácil
26/06/21,10:18:02,2:13,14,8.0,intento,Relderf,Masculino,30,error,North Macedonia,2,Fácil
26/06/21,10:18:03,2:12,14,8.0,intento,Relderf,Masculino,30,correcto,Europe & Central Asia (IDA & IBRD),2,Fácil
26/06/21,10:18:04,2:11,14,8.0,intento,Relderf,Masculino,30,error,Guyana,2,Fácil
26/06/21,10:18:07,2:09,14,8.0,intento,Relderf,Masculino,30,error,Canada,2,Fácil
26/06/21,10:18:08,2:08,14,8.0,intento,Relderf,Masculino,30,error,Russia,2,Fácil
26/06/21,10:18:10,2:06,14,8.0,intento,Relderf,Masculino,30,error,Canada,2,Fácil
26/06/21,10:18:11,2:05,14,8.0,intento,Relderf,Masculino,30,error,Guyana,2,Fácil
26/06/21,10:18:12,2:03,14,8.0,intento,Relderf,Masculino,30,correcto,Canada,2,Fácil
26/06/21,10:18:13,2:02,14,8.0,intento,Relderf,Masculino,30,error,Argentina,2,Fácil
26/06/21,10:18:15,2:01,14,8.0,intento,Relderf,Masculino,30,correcto,Argentina,2,Fácil
26/06/21,10:18:16,2:00,14,8.0,intento,Relderf,Masculino,30,error,Grenada,2,Fácil
26/06/21,10:18:18,1:58,14,8.0,intento,Relderf,Masculino,30,error,Russia,2,Fácil
26/06/21,10:18:19,1:56,14,8.0,intento,Relderf,Masculino,30,correcto,Grenada,2,Fácil
26/06/21,10:18:21,1:54,14,8.0,intento,Relderf,Masculino,30,correcto,Guyana,2,Fácil
26/06/21,10:18:22,1:53,14,8.0,intento,Relderf,Masculino,30,correcto,North Macedonia,2,Fácil
26/06/21,10:18:24,1:52,14,8.0,intento,Relderf,Masculino,30,correcto,Russia,2,Fácil
26/06/21,10:18:24,1:52,14,8.0,fin_partida,Relderf,Masculino,30,nivel_ganado,,2,Fácil
26/06/21,10:18:27,2:40,15,10.0,inicio_partida,Relderf,Masculino,30,,,3,Fácil
26/06/21,10:18:28,2:39,15,10.0,intento,Relderf,Masculino,30,error,North Macedonia,3,Fácil
26/06/21,10:18:29,2:39,15,10.0,intento,Relderf,Masculino,30,error,Switzerland,3,Fácil
26/06/21,10:18:30,2:37,15,10.0,intento,Relderf,Masculino,30,error,El Salvador,3,Fácil
26/06/21,10:18:31,2:36,15,10.0,intento,Relderf,Masculino,30,error,Sierra Leone,3,Fácil
26/06/21,10:18:33,2:35,15,10.0,intento,Relderf,Masculino,30,error,Sierra Leone,3,Fácil
26/06/21,10:18:34,2:33,15,10.0,intento,Relderf,Masculino,30,error,Iran,3,Fácil
26/06/21,10:18:36,2:32,15,10.0,intento,Relderf,Masculino,30,error,North Macedonia,3,Fácil
26/06/21,10:18:37,2:30,15,10.0,intento,Relderf,Masculino,30,correcto,Europe & Central Asia (IDA & IBRD),3,Fácil
26/06/21,10:18:38,2:29,15,10.0,intento,Relderf,Masculino,30,error,Russia,3,Fácil
26/06/21,10:18:39,2:28,15,10.0,intento,Relderf,Masculino,30,error,Grenada,3,Fácil
26/06/21,10:18:40,2:27,15,10.0,intento,Relderf,Masculino,30,error,North Macedonia,3,Fácil
26/06/21,10:18:41,2:26,15,10.0,intento,Relderf,Masculino,30,error,British Virgin Islands,3,Fácil
26/06/21,10:18:43,2:24,15,10.0,intento,Relderf,Masculino,30,error,Switzerland,3,Fácil
26/06/21,10:18:46,2:21,15,10.0,intento,Relderf,Masculino,30,error,Grenada,3,Fácil
26/06/21,10:18:48,2:20,15,10.0,intento,Relderf,Masculino,30,error,Switzerland,3,Fácil
26/06/21,10:18:49,2:18,15,10.0,intento,Relderf,Masculino,30,correcto,Russia,3,Fácil
26/06/21,10:18:51,2:17,15,10.0,intento,Relderf,Masculino,30,error,Iran,3,Fácil
26/06/21,10:18:52,2:15,15,10.0,intento,Relderf,Masculino,30,error,Grenada,3,Fácil
26/06/21,10:18:53,2:14,15,10.0,intento,Relderf,Masculino,30,error,North Macedonia,3,Fácil
26/06/21,10:18:55,2:12,15,10.0,intento,Relderf,Masculino,30,error,Iran,3,Fácil
26/06/21,10:18:57,2:10,15,10.0,intento,Relderf,Masculino,30,error,Sierra Leone,3,Fácil
26/06/21,10:18:58,2:09,15,10.0,intento,Relderf,Masculino,30,correcto,El Salvador,3,Fácil
26/06/21,10:18:59,2:08,15,10.0,intento,Relderf,Masculino,30,error,Sierra Leone,3,Fácil
26/06/21,10:19:01,2:06,15,10.0,intento,Relderf,Masculino,30,correcto,Sierra Leone,3,Fácil
26/06/21,10:19:02,2:05,15,10.0,intento,Relderf,Masculino,30,correcto,British Virgin Islands,3,Fácil
26/06/21,10:19:03,2:04,15,10.0,intento,Relderf,Masculino,30,error,Grenada,3,Fácil
26/06/21,10:19:04,2:03,15,10.0,intento,Relderf,Masculino,30,error,Switzerland,3,Fácil
26/06/21,10:19:06,2:01,15,10.0,intento,Relderf,Masculino,30,correcto,Belarus,3,Fácil
26/06/21,10:19:07,2:01,15,10.0,intento,Relderf,Masculino,30,error,Switzerland,3,Fácil
26/06/21,10:19:08,2:00,15,10.0,intento,Relderf,Masculino,30,correcto,Grenada,3,Fácil
26/06/21,10:19:09,1:58,15,10.0,intento,Relderf,Masculino,30,error,Iran,3,Fácil
26/06/21,10:19:10,1:57,15,10.0,intento,Relderf,Masculino,30,correcto,Iran,3,Fácil
26/06/21,10:19:11,1:57,15,10.0,intento,Relderf,Masculino,30,error,North Macedonia,3,Fácil
26/06/21,10:19:12,1:56,15,10.0,intento,Relderf,Masculino,30,correcto,North Macedonia,3,Fácil
26/06/21,10:19:12,1:55,15,10.0,intento,Relderf,Masculino,30,correcto,Switzerland,3,Fácil
26/06/21,10:19:14,1:55,15,10.0,fin_partida,Relderf,Masculino,30,nivel_ganado,,3,Fácil
26/06/21,10:19:14,1:55,15,10.0,fin_partida,Relderf,Masculino,30,partida_ganada,,3,Fácil
26/06/21,10:30:00,2:00,16,6.0,inicio_partida,Lore,Femenino,33,,,1,Fácil
26/06/21,10:30:02,1:59,16,6.0,intento,Lore,Femenino,33,correcto,Dragon,1,Fácil
26/06/21,10:30:03,1:58,16,6.0,intento,Lore,Femenino,33,error,Arco,1,Fácil
26/06/21,10:30:04,1:57,16,6.0,intento,Lore,Femenino,33,error,Fuego,1,Fácil
26/06/21,10:30:05,1:56,16,6.0,intento,Lore,Femenino,33,error,Pocima,1,Fácil
26/06/21,10:30:06,1:55,16,6.0,intento,Lore,Femenino,33,correcto,Arco,1,Fácil
26/06/21,10:30:07,1:54,16,6.0,intento,Lore,Femenino,33,error,Hada,1,Fácil
26/06/21,10:30:08,1:53,16,6.0,intento,Lore,Femenino,33,error,Pocima,1,Fácil
26/06/21,10:30:09,1:52,16,6.0,intento,Lore,Femenino,33,error,Fuego,1,Fácil
26/06/21,10:30:10,1:51,16,6.0,intento,Lore,Femenino,33,correcto,Hada,1,Fácil
26/06/21,10:30:11,1:50,16,6.0,intento,Lore,Femenino,33,correcto,Espada,1,Fácil
26/06/21,10:30:12,1:49,16,6.0,intento,Lore,Femenino,33,correcto,Pocima,1,Fácil
26/06/21,10:30:13,1:48,16,6.0,intento,Lore,Femenino,33,correcto,Fuego,1,Fácil
26/06/21,10:30:14,1:48,16,6.0,fin_partida,Lore,Femenino,33,nivel_ganado,,1,Fácil
26/06/21,10:30:16,2:20,17,8.0,inicio_partida,Lore,Femenino,33,,,2,Fácil
26/06/21,10:30:16,2:20,17,8.0,intento,Lore,Femenino,33,error,Espada,2,Fácil
26/06/21,10:30:17,2:19,17,8.0,intento,Lore,Femenino,33,error,Castillo,2,Fácil
26/06/21,10:30:18,2:18,17,8.0,intento,Lore,Femenino,33,error,Arco,2,Fácil
26/06/21,10:30:19,2:17,17,8.0,intento,Lore,Femenino,33,error,Castillo,2,Fácil
26/06/21,10:30:20,2:16,17,8.0,intento,Lore,Femenino,33,correcto,Arco,2,Fácil
26/06/21,10:30:21,2:15,17,8.0,intento,Lore,Femenino,33,error,Casco,2,Fácil
26/06/21,10:30:22,2:15,17,8.0,intento,Lore,Femenino,33,error,Libro,2,Fácil
26/06/21,10:30:23,2:13,17,8.0,intento,Lore,Femenino,33,error,Hada,2,Fácil
26/06/21,10:30:24,2:12,17,8.0,intento,Lore,Femenino,33,error,Carne,2,Fácil
26/06/21,10:30:26,2:11,17,8.0,intento,Lore,Femenino,33,error,Castillo,2,Fácil
26/06/21,10:30:28,2:09,17,8.0,intento,Lore,Femenino,33,error,Espada,2,Fácil
26/06/21,10:30:29,2:08,17,8.0,intento,Lore,Femenino,33,error,Hada,2,Fácil
26/06/21,10:30:30,2:07,17,8.0,intento,Lore,Femenino,33,correcto,Dragon,2,Fácil
26/06/21,10:30:31,2:05,17,8.0,intento,Lore,Femenino,33,error,Hada,2,Fácil
26/06/21,10:30:32,2:04,17,8.0,intento,Lore,Femenino,33,error,Casco,2,Fácil
26/06/21,10:30:34,2:03,17,8.0,intento,Lore,Femenino,33,correcto,Hada,2,Fácil
26/06/21,10:30:35,2:01,17,8.0,intento,Lore,Femenino,33,correcto,Casco,2,Fácil
26/06/21,10:30:36,2:00,17,8.0,intento,Lore,Femenino,33,error,Castillo,2,Fácil
26/06/21,10:30:37,1:59,17,8.0,intento,Lore,Femenino,33,correcto,Castillo,2,Fácil
26/06/21,10:30:39,1:58,17,8.0,intento,Lore,Femenino,33,correcto,Libro,2,Fácil
26/06/21,10:30:39,1:57,17,8.0,intento,Lore,Femenino,33,correcto,Espada,2,Fácil
26/06/21,10:30:40,1:56,17,8.0,intento,Lore,Femenino,33,correcto,Carne,2,Fácil
26/06/21,10:30:41,1:56,17,8.0,fin_partida,Lore,Femenino,33,nivel_ganado,,2,Fácil
26/06/21,10:30:43,2:40,18,10.0,inicio_partida,Lore,Femenino,33,,,3,Fácil
26/06/21,10:30:44,2:40,18,10.0,intento,Lore,Femenino,33,error,Casco,3,Fácil
26/06/21,10:30:45,2:39,18,10.0,intento,Lore,Femenino,33,error,Castillo,3,Fácil
26/06/21,10:30:46,2:38,18,10.0,intento,Lore,Femenino,33,error,Libro,3,Fácil
26/06/21,10:30:47,2:37,18,10.0,intento,Lore,Femenino,33,correcto,Libro,3,Fácil
26/06/21,10:30:48,2:36,18,10.0,intento,Lore,Femenino,33,error,Bolsa,3,Fácil
26/06/21,10:30:49,2:35,18,10.0,intento,Lore,Femenino,33,error,Carne,3,Fácil
26/06/21,10:30:50,2:34,18,10.0,intento,Lore,Femenino,33,error,Pocima,3,Fácil
26/06/21,10:30:51,2:33,18,10.0,intento,Lore,Femenino,33,error,Castillo,3,Fácil
26/06/21,10:30:52,2:32,18,10.0,intento,Lore,Femenino,33,error,Dragon,3,Fácil
26/06/21,10:30:53,2:31,18,10.0,intento,Lore,Femenino,33,error,Pocima,3,Fácil
26/06/21,10:30:55,2:29,18,10.0,intento,Lore,Femenino,33,correcto,Unicorn,3,Fácil
26/06/21,10:30:57,2:27,18,10.0,intento,Lore,Femenino,33,correcto,Pocima,3,Fácil
26/06/21,10:30:58,2:26,18,10.0,intento,Lore,Femenino,33,error,Hada,3,Fácil
26/06/21,10:30:59,2:25,18,10.0,intento,Lore,Femenino,33,correcto,Hada,3,Fácil
26/06/21,10:31:00,2:24,18,10.0,intento,Lore,Femenino,33,error,Bolsa,3,Fácil
26/06/21,10:31:01,2:23,18,10.0,intento,Lore,Femenino,33,error,Arco,3,Fácil
26/06/21,10:31:03,2:21,18,10.0,intento,Lore,Femenino,33,correcto,Arco,3,Fácil
26/06/21,10:31:04,2:20,18,10.0,intento,Lore,Femenino,33,error,Castillo,3,Fácil
26/06/21,10:31:06,2:18,18,10.0,intento,Lore,Femenino,33,error,Bolsa,3,Fácil
26/06/21,10:31:07,2:17,18,10.0,intento,Lore,Femenino,33,correcto,Dragon,3,Fácil
26/06/21,10:31:09,2:15,18,10.0,intento,Lore,Femenino,33,correcto,Castillo,3,Fácil
26/06/21,10:31:10,2:14,18,10.0,intento,Lore,Femenino,33,correcto,Carne,3,Fácil
26/06/21,10:31:11,2:13,18,10.0,intento,Lore,Femenino,33,correcto,Bolsa,3,Fácil
26/06/21,10:31:12,2:12,18,10.0,intento,Lore,Femenino,33,correcto,Casco,3,Fácil
26/06/21,10:31:13,2:12,18,10.0,fin_partida,Lore,Femenino,33,nivel_ganado,,3,Fácil
26/06/21,10:31:13,2:12,18,10.0,fin_partida,Lore,Femenino,33,partida_ganada,,3,Fácil
26/06/21,10:36:53,2:00,19,6.0,inicio_partida,Lore,Femenino,33,,,1,Fácil
26/06/21,10:36:54,2:00,19,6.0,intento,Lore,Femenino,33,error,Mapa,1,Fácil
26/06/21,10:36:55,1:59,19,6.0,intento,Lore,Femenino,33,error,Casco,1,Fácil
26/06/21,10:36:56,1:58,19,6.0,intento,Lore,Femenino,33,error,Casco,1,Fácil
26/06/21,10:36:57,1:56,19,6.0,intento,Lore,Femenino,33,error,Casco,1,Fácil
26/06/21,10:36:59,1:55,19,6.0,intento,Lore,Femenino,33,correcto,Mapa,1,Fácil
26/06/21,10:36:59,1:54,19,6.0,intento,Lore,Femenino,33,correcto,Casco,1,Fácil
26/06/21,10:37:00,1:53,19,6.0,intento,Lore,Femenino,33,error,Dragon,1,Fácil
26/06/21,10:37:01,1:52,19,6.0,intento,Lore,Femenino,33,correcto,Dragon,1,Fácil
26/06/21,10:37:02,1:52,19,6.0,intento,Lore,Femenino,33,error,Arco,1,Fácil
26/06/21,10:37:03,1:50,19,6.0,intento,Lore,Femenino,33,correcto,Castillo,1,Fácil
26/06/21,10:37:04,1:49,19,6.0,intento,Lore,Femenino,33,error,Libro,1,Fácil
26/06/21,10:37:06,1:48,19,6.0,intento,Lore,Femenino,33,correcto,Libro,1,Fácil
26/06/21,10:37:06,1:47,19,6.0,intento,Lore,Femenino,33,correcto,Arco,1,Fácil
26/06/21,10:37:07,1:47,19,6.0,fin_partida,Lore,Femenino,33,nivel_ganado,,1,Fácil
26/06/21,10:37:11,2:20,20,8.0,inicio_partida,Lore,Femenino,33,,,2,Fácil
26/06/21,10:37:11,2:20,20,8.0,intento,Lore,Femenino,33,error,Castillo,2,Fácil
26/06/21,10:37:12,2:19,20,8.0,intento,Lore,Femenino,33,error,Mapa,2,Fácil
26/06/21,10:37:13,2:18,20,8.0,intento,Lore,Femenino,33,error,Pocima,2,Fácil
26/06/21,10:37:14,2:17,20,8.0,intento,Lore,Femenino,33,error,Unicorn,2,Fácil
26/06/21,10:37:15,2:16,20,8.0,intento,Lore,Femenino,33,error,Castillo,2,Fácil
26/06/21,10:37:16,2:15,20,8.0,intento,Lore,Femenino,33,correcto,Unicorn,2,Fácil
26/06/21,10:37:17,2:14,20,8.0,intento,Lore,Femenino,33,error,Casco,2,Fácil
26/06/21,10:37:18,2:13,20,8.0,intento,Lore,Femenino,33,error,Pocima,2,Fácil
26/06/21,10:37:19,2:12,20,8.0,intento,Lore,Femenino,33,error,Fuego,2,Fácil
26/06/21,10:37:20,2:11,20,8.0,intento,Lore,Femenino,33,correcto,Hada,2,Fácil
26/06/21,10:37:22,2:09,20,8.0,intento,Lore,Femenino,33,error,Libro,2,Fácil
26/06/21,10:37:23,2:08,20,8.0,intento,Lore,Femenino,33,error,Mapa,2,Fácil
26/06/21,10:37:24,2:08,20,8.0,intento,Lore,Femenino,33,correcto,Mapa,2,Fácil
26/06/21,10:37:25,2:07,20,8.0,intento,Lore,Femenino,33,correcto,Castillo,2,Fácil
26/06/21,10:37:26,2:06,20,8.0,intento,Lore,Femenino,33,error,Casco,2,Fácil
26/06/21,10:37:27,2:04,20,8.0,intento,Lore,Femenino,33,error,Fuego,2,Fácil
26/06/21,10:37:28,2:03,20,8.0,intento,Lore,Femenino,33,error,Libro,2,Fácil
26/06/21,10:37:29,2:02,20,8.0,intento,Lore,Femenino,33,error,Libro,2,Fácil
26/06/21,10:37:30,2:01,20,8.0,intento,Lore,Femenino,33,error,Fuego,2,Fácil
26/06/21,10:37:32,1:59,20,8.0,intento,Lore,Femenino,33,error,Fuego,2,Fácil
26/06/21,10:37:33,1:58,20,8.0,intento,Lore,Femenino,33,correcto,Fuego,2,Fácil
26/06/21,10:37:34,1:57,20,8.0,intento,Lore,Femenino,33,error,Pocima,2,Fácil
26/06/21,10:37:35,1:56,20,8.0,intento,Lore,Femenino,33,correcto,Libro,2,Fácil
26/06/21,10:37:36,1:56,20,8.0,intento,Lore,Femenino,33,error,Pocima,2,Fácil
26/06/21,10:37:37,1:54,20,8.0,intento,Lore,Femenino,33,correcto,Casco,2,Fácil
26/06/21,10:37:38,1:53,20,8.0,intento,Lore,Femenino,33,correcto,Pocima,2,Fácil
26/06/21,10:37:39,1:53,20,8.0,fin_partida,Lore,Femenino,33,nivel_ganado,,2,Fácil
26/06/21,10:38:24,2:40,21,10.0,inicio_partida,Lore,Femenino,33,,,3,Fácil
26/06/21,10:38:25,2:40,21,10.0,intento,Lore,Femenino,33,error,Pocima,3,Fácil
26/06/21,10:38:25,2:39,21,10.0,intento,Lore,Femenino,33,error,Libro,3,Fácil
26/06/21,10:38:26,2:38,21,10.0,intento,Lore,Femenino,33,error,Pocima,3,Fácil
26/06/21,10:38:27,2:37,21,10.0,intento,Lore,Femenino,33,correcto,Pocima,3,Fácil
26/06/21,10:38:28,2:36,21,10.0,intento,Lore,Femenino,33,error,Bolsa,3,Fácil
26/06/21,10:38:29,2:36,21,10.0,intento,Lore,Femenino,33,error,Espada,3,Fácil
26/06/21,10:38:29,2:35,21,10.0,intento,Lore,Femenino,33,error,Bolsa,3,Fácil
26/06/21,10:38:30,2:34,21,10.0,intento,Lore,Femenino,33,correcto,Bolsa,3,Fácil
26/06/21,10:38:31,2:33,21,10.0,intento,Lore,Femenino,33,error,Espada,3,Fácil
26/06/21,10:38:32,2:32,21,10.0,intento,Lore,Femenino,33,error,Carne,3,Fácil
26/06/21,10:38:33,2:32,21,10.0,intento,Lore,Femenino,33,error,Espada,3,Fácil
26/06/21,10:38:33,2:31,21,10.0,intento,Lore,Femenino,33,error,Arco,3,Fácil
26/06/21,10:38:35,2:30,21,10.0,intento,Lore,Femenino,33,correcto,Espada,3,Fácil
26/06/21,10:38:36,2:29,21,10.0,intento,Lore,Femenino,33,error,Castillo,3,Fácil
26/06/21,10:38:36,2:28,21,10.0,intento,Lore,Femenino,33,error,Libro,3,Fácil
26/06/21,10:38:37,2:27,21,10.0,intento,Lore,Femenino,33,error,Mapa,3,Fácil
26/06/21,10:38:38,2:26,21,10.0,intento,Lore,Femenino,33,correcto,Castillo,3,Fácil
26/06/21,10:38:39,2:25,21,10.0,intento,Lore,Femenino,33,error,Unicorn,3,Fácil
26/06/21,10:38:40,2:25,21,10.0,intento,Lore,Femenino,33,error,Libro,3,Fácil
26/06/21,10:38:41,2:24,21,10.0,intento,Lore,Femenino,33,error,Libro,3,Fácil
26/06/21,10:38:42,2:22,21,10.0,intento,Lore,Femenino,33,error,Mapa,3,Fácil
26/06/21,10:38:43,2:21,21,10.0,intento,Lore,Femenino,33,correcto,Libro,3,Fácil
26/06/21,10:38:44,2:20,21,10.0,intento,Lore,Femenino,33,correcto,Hada,3,Fácil
26/06/21,10:38:45,2:20,21,10.0,intento,Lore,Femenino,33,error,Unicorn,3,Fácil
26/06/21,10:38:46,2:19,21,10.0,intento,Lore,Femenino,33,error,Mapa,3,Fácil
26/06/21,10:38:46,2:18,21,10.0,intento,Lore,Femenino,33,error,Mapa,3,Fácil
26/06/21,10:38:48,2:17,21,10.0,intento,Lore,Femenino,33,correcto,Mapa,3,Fácil
26/06/21,10:38:49,2:16,21,10.0,intento,Lore,Femenino,33,error,Unicorn,3,Fácil
26/06/21,10:38:50,2:15,21,10.0,intento,Lore,Femenino,33,error,Carne,3,Fácil
26/06/21,10:38:51,2:13,21,10.0,intento,Lore,Femenino,33,correcto,Arco,3,Fácil
26/06/21,10:38:53,2:12,21,10.0,intento,Lore,Femenino,33,correcto,Carne,3,Fácil
26/06/21,10:38:54,2:10,21,10.0,intento,Lore,Femenino,33,correcto,Unicorn,3,Fácil
26/06/21,10:38:56,2:10,21,10.0,fin_partida,Lore,Femenino,33,nivel_ganado,,3,Fácil
26/06/21,10:38:56,2:10,21,10.0,fin_partida,Lore,Femenino,33,partida_ganada,,3,Fácil
26/06/21,10:39:47,2:40,22,10.0,inicio_partida,Lore,Femenino,33,,,3,Fácil
26/06/21,10:39:48,2:40,22,10.0,intento,Lore,Femenino,33,error,Arco,3,Fácil
26/06/21,10:39:48,2:39,22,10.0,intento,Lore,Femenino,33,error,Casco,3,Fácil
26/06/21,10:39:49,2:38,22,10.0,intento,Lore,Femenino,33,error,Unicorn,3,Fácil
26/06/21,10:39:51,2:37,22,10.0,intento,Lore,Femenino,33,correcto,Mapa,3,Fácil
26/06/21,10:39:51,2:36,22,10.0,intento,Lore,Femenino,33,error,Pocima,3,Fácil
26/06/21,10:39:52,2:35,22,10.0,intento,Lore,Femenino,33,error,Unicorn,3,Fácil
26/06/21,10:39:53,2:34,22,10.0,intento,Lore,Femenino,33,error,Fuego,3,Fácil
26/06/21,10:39:55,2:33,22,10.0,intento,Lore,Femenino,33,error,Arco,3,Fácil
26/06/21,10:39:56,2:32,22,10.0,intento,Lore,Femenino,33,error,Castillo,3,Fácil
26/06/21,10:39:57,2:31,22,10.0,intento,Lore,Femenino,33,error,Pocima,3,Fácil
26/06/21,10:39:58,2:30,22,10.0,intento,Lore,Femenino,33,error,Libro,3,Fácil
26/06/21,10:39:59,2:29,22,10.0,intento,Lore,Femenino,33,error,Castillo,3,Fácil
26/06/21,10:40:00,2:28,22,10.0,intento,Lore,Femenino,33,error,Arbol,3,Fácil
26/06/21,10:40:01,2:27,22,10.0,intento,Lore,Femenino,33,error,Casco,3,Fácil
26/06/21,10:40:02,2:26,22,10.0,intento,Lore,Femenino,33,error,Libro,3,Fácil
26/06/21,10:40:03,2:25,22,10.0,intento,Lore,Femenino,33,error,Fuego,3,Fácil
26/06/21,10:40:04,2:24,22,10.0,intento,Lore,Femenino,33,error,Pocima,3,Fácil
26/06/21,10:40:05,2:22,22,10.0,intento,Lore,Femenino,33,error,Arco,3,Fácil
26/06/21,10:40:07,2:21,22,10.0,intento,Lore,Femenino,33,error,Arbol,3,Fácil
26/06/21,10:40:08,2:19,22,10.0,intento,Lore,Femenino,33,error,Unicorn,3,Fácil
26/06/21,10:40:09,2:18,22,10.0,intento,Lore,Femenino,33,error,Arco,3,Fácil
26/06/21,10:40:11,2:17,22,10.0,intento,Lore,Femenino,33,error,Castillo,3,Fácil
26/06/21,10:40:12,2:15,22,10.0,intento,Lore,Femenino,33,error,Hada,3,Fácil
26/06/21,10:40:13,2:14,22,10.0,intento,Lore,Femenino,33,correcto,Libro,3,Fácil
26/06/21,10:40:14,2:13,22,10.0,intento,Lore,Femenino,33,correcto,Castillo,3,Fácil
26/06/21,10:40:15,2:12,22,10.0,intento,Lore,Femenino,33,error,Hada,3,Fácil
26/06/21,10:40:16,2:11,22,10.0,intento,Lore,Femenino,33,error,Fuego,3,Fácil
26/06/21,10:40:18,2:10,22,10.0,intento,Lore,Femenino,33,correcto,Hada,3,Fácil
26/06/21,10:40:19,2:09,22,10.0,intento,Lore,Femenino,33,error,Pocima,3,Fácil
26/06/21,10:40:20,2:08,22,10.0,intento,Lore,Femenino,33,correcto,Casco,3,Fácil
26/06/21,10:40:21,2:06,22,10.0,intento,Lore,Femenino,33,error,Fuego,3,Fácil
26/06/21,10:40:22,2:05,22,10.0,intento,Lore,Femenino,33,error,Pocima,3,Fácil
26/06/21,10:40:24,2:04,22,10.0,intento,Lore,Femenino,33,error,Fuego,3,Fácil
26/06/21,10:40:25,2:02,22,10.0,intento,Lore,Femenino,33,error,Pocima,3,Fácil
26/06/21,10:40:27,2:01,22,10.0,intento,Lore,Femenino,33,error,Arbol,3,Fácil
26/06/21,10:40:29,1:59,22,10.0,intento,Lore,Femenino,33,error,Arco,3,Fácil
26/06/21,10:40:30,1:57,22,10.0,intento,Lore,Femenino,33,correcto,Fuego,3,Fácil
26/06/21,10:40:32,1:56,22,10.0,intento,Lore,Femenino,33,error,Arco,3,Fácil
26/06/21,10:40:32,1:55,22,10.0,intento,Lore,Femenino,33,correcto,Arbol,3,Fácil
26/06/21,10:40:34,1:54,22,10.0,intento,Lore,Femenino,33,error,Pocima,3,Fácil
26/06/21,10:40:35,1:52,22,10.0,intento,Lore,Femenino,33,error,Arco,3,Fácil
26/06/21,10:40:37,1:51,22,10.0,intento,Lore,Femenino,33,correcto,Pocima,3,Fácil
26/06/21,10:40:38,1:50,22,10.0,intento,Lore,Femenino,33,correcto,Arco,3,Fácil
26/06/21,10:40:39,1:49,22,10.0,intento,Lore,Femenino,33,correcto,Unicorn,3,Fácil
26/06/21,10:40:40,1:49,22,10.0,fin_partida,Lore,Femenino,33,nivel_ganado,,3,Fácil
26/06/21,10:40:40,1:49,22,10.0,fin_partida,Lore,Femenino,33,partida_ganada,,3,Fácil
26/06/21,10:48:00,2:40,23,10.0,inicio_partida,Lore,Femenino,33,,,3,Fácil
26/06/21,10:48:01,2:39,23,10.0,intento,Lore,Femenino,33,error,Carne,3,Fácil
26/06/21,10:48:03,2:38,23,10.0,intento,Lore,Femenino,33,correcto,Carne,3,Fácil
26/06/21,10:48:04,2:37,23,10.0,intento,Lore,Femenino,33,error,Libro,3,Fácil
26/06/21,10:48:05,2:36,23,10.0,intento,Lore,Femenino,33,error,Casco,3,Fácil
26/06/21,10:48:06,2:34,23,10.0,intento,Lore,Femenino,33,correcto,Fuego,3,Fácil
26/06/21,10:48:07,2:33,23,10.0,intento,Lore,Femenino,33,error,Arco,3,Fácil
26/06/21,10:48:08,2:32,23,10.0,intento,Lore,Femenino,33,error,Arbol,3,Fácil
26/06/21,10:48:09,2:31,23,10.0,intento,Lore,Femenino,33,error,Casco,3,Fácil
26/06/21,10:48:10,2:31,23,10.0,intento,Lore,Femenino,33,correcto,Hada,3,Fácil
26/06/21,10:48:11,2:30,23,10.0,intento,Lore,Femenino,33,error,Pocima,3,Fácil
26/06/21,10:48:13,2:28,23,10.0,intento,Lore,Femenino,33,correcto,Castillo,3,Fácil
26/06/21,10:48:13,2:27,23,10.0,intento,Lore,Femenino,33,error,Arbol,3,Fácil
26/06/21,10:48:14,2:27,23,10.0,intento,Lore,Femenino,33,error,Casco,3,Fácil
26/06/21,10:48:15,2:26,23,10.0,intento,Lore,Femenino,33,correcto,Arbol,3,Fácil
26/06/21,10:48:16,2:25,23,10.0,intento,Lore,Femenino,33,error,Arco,3,Fácil
26/06/21,10:48:17,2:24,23,10.0,intento,Lore,Femenino,33,error,Arco,3,Fácil
26/06/21,10:48:18,2:23,23,10.0,intento,Lore,Femenino,33,correcto,Arco,3,Fácil
26/06/21,10:48:19,2:22,23,10.0,intento,Lore,Femenino,33,error,Mapa,3,Fácil
26/06/21,10:48:20,2:20,23,10.0,intento,Lore,Femenino,33,correcto,Mapa,3,Fácil
26/06/21,10:48:21,2:19,23,10.0,intento,Lore,Femenino,33,error,Casco,3,Fácil
26/06/21,10:48:23,2:18,23,10.0,intento,Lore,Femenino,33,correcto,Libro,3,Fácil
26/06/21,10:48:24,2:16,23,10.0,intento,Lore,Femenino,33,correcto,Casco,3,Fácil
26/06/21,10:48:25,2:16,23,10.0,intento,Lore,Femenino,33,correcto,Pocima,3,Fácil
26/06/21,10:48:27,2:16,23,10.0,fin_partida,Lore,Femenino,33,nivel_ganado,,3,Fácil
26/06/21,10:48:27,2:16,23,10.0,fin_partida,Lore,Femenino,33,partida_ganada,,3,Fácil
26/06/21,11:00:08,1:40,24,4.0,inicio_partida,Lore,Femenino,33,,,1,Normal
26/06/21,11:00:09,1:40,24,4.0,intento,Lore,Femenino,33,error,Espada,1,Normal
26/06/21,11:00:11,1:38,24,4.0,intento,Lore,Femenino,33,error,Arbol,1,Normal
26/06/21,11:00:12,1:36,24,4.0,intento,Lore,Femenino,33,error,Mapa,1,Normal
26/06/21,11:00:14,1:34,24,4.0,intento,Lore,Femenino,33,correcto,Fuego,1,Normal
26/06/21,11:00:16,1:33,24,4.0,intento,Lore,Femenino,33,error,Arbol,1,Normal
26/06/21,11:00:18,1:30,24,4.0,intento,Lore,Femenino,33,error,Mapa,1,Normal
26/06/21,11:00:20,1:29,24,4.0,intento,Lore,Femenino,33,correcto,Arbol,1,Normal
26/06/21,11:00:21,1:27,24,4.0,intento,Lore,Femenino,33,correcto,Espada,1,Normal
26/06/21,11:00:23,1:26,24,4.0,intento,Lore,Femenino,33,correcto,Mapa,1,Normal
26/06/21,11:00:23,1:26,24,4.0,fin_partida,Lore,Femenino,33,nivel_ganado,,1,Normal
26/06/21,11:02:00,2:40,25,10.0,inicio_partida,Lore,Femenino,33,,,3,Fácil
26/06/21,11:02:03,2:38,25,10.0,intento,Lore,Femenino,33,error,Casco,3,Fácil
26/06/21,11:02:03,2:37,25,10.0,intento,Lore,Femenino,33,error,Mapa,3,Fácil
26/06/21,11:02:04,2:36,25,10.0,intento,Lore,Femenino,33,error,Carne,3,Fácil
26/06/21,11:02:05,2:35,25,10.0,intento,Lore,Femenino,33,error,Unicorn,3,Fácil
26/06/21,11:02:06,2:35,25,10.0,intento,Lore,Femenino,33,error,Casco,3,Fácil
26/06/21,11:02:07,2:33,25,10.0,intento,Lore,Femenino,33,error,Mapa,3,Fácil
26/06/21,11:02:08,2:32,25,10.0,intento,Lore,Femenino,33,error,Hada,3,Fácil
26/06/21,11:02:09,2:31,25,10.0,intento,Lore,Femenino,33,error,Mapa,3,Fácil
26/06/21,11:02:10,2:30,25,10.0,intento,Lore,Femenino,33,error,Unicorn,3,Fácil
26/06/21,11:02:11,2:29,25,10.0,intento,Lore,Femenino,33,error,Carne,3,Fácil
26/06/21,11:02:12,2:28,25,10.0,intento,Lore,Femenino,33,error,Mapa,3,Fácil
26/06/21,11:02:13,2:27,25,10.0,intento,Lore,Femenino,33,correcto,Mapa,3,Fácil
26/06/21,11:02:14,2:26,25,10.0,intento,Lore,Femenino,33,error,Dragon,3,Fácil
26/06/21,11:02:15,2:25,25,10.0,intento,Lore,Femenino,33,error,Arbol,3,Fácil
26/06/21,11:02:16,2:24,25,10.0,intento,Lore,Femenino,33,correcto,Bolsa,3,Fácil
26/06/21,11:02:17,2:23,25,10.0,intento,Lore,Femenino,33,error,Dragon,3,Fácil
26/06/21,11:02:18,2:22,25,10.0,intento,Lore,Femenino,33,error,Castillo,3,Fácil
26/06/21,11:02:19,2:21,25,10.0,intento,Lore,Femenino,33,error,Unicorn,3,Fácil
26/06/21,11:02:20,2:20,25,10.0,intento,Lore,Femenino,33,error,Fuego,3,Fácil
26/06/21,11:02:21,2:19,25,10.0,intento,Lore,Femenino,33,correcto,Fuego,3,Fácil
26/06/21,11:02:22,2:18,25,10.0,intento,Lore,Femenino,33,error,Casco,3,Fácil
26/06/21,11:02:23,2:17,25,10.0,intento,Lore,Femenino,33,error,Unicorn,3,Fácil
26/06/21,11:02:25,2:16,25,10.0,intento,Lore,Femenino,33,error,Dragon,3,Fácil
26/06/21,11:02:26,2:15,25,10.0,intento,Lore,Femenino,33,error,Hada,3,Fácil
26/06/21,11:02:27,2:13,25,10.0,intento,Lore,Femenino,33,error,Carne,3,Fácil
26/06/21,11:02:28,2:12,25,10.0,intento,Lore,Femenino,33,error,Casco,3,Fácil
26/06/21,11:02:29,2:11,25,10.0,intento,Lore,Femenino,33,error,Dragon,3,Fácil
26/06/21,11:02:30,2:10,25,10.0,intento,Lore,Femenino,33,error,Castillo,3,Fácil
26/06/21,11:02:31,2:09,25,10.0,intento,Lore,Femenino,33,error,Carne,3,Fácil
26/06/21,11:02:32,2:08,25,10.0,intento,Lore,Femenino,33,error,Unicorn,3,Fácil
26/06/21,11:02:34,2:07,25,10.0,intento,Lore,Femenino,33,correcto,Dragon,3,Fácil
26/06/21,11:02:34,2:06,25,10.0,intento,Lore,Femenino,33,error,Hada,3,Fácil
26/06/21,11:02:35,2:05,25,10.0,intento,Lore,Femenino,33,error,Castillo,3,Fácil
26/06/21,11:02:36,2:04,25,10.0,intento,Lore,Femenino,33,error,Unicorn,3,Fácil
26/06/21,11:02:38,2:03,25,10.0,intento,Lore,Femenino,33,error,Carne,3,Fácil
26/06/21,11:02:39,2:01,25,10.0,intento,Lore,Femenino,33,error,Carne,3,Fácil
26/06/21,11:02:41,2:00,25,10.0,intento,Lore,Femenino,33,error,Casco,3,Fácil
26/06/21,11:02:42,1:58,25,10.0,intento,Lore,Femenino,33,error,Hada,3,Fácil
26/06/21,11:02:43,1:57,25,10.0,intento,Lore,Femenino,33,error,Carne,3,Fácil
26/06/21,11:02:45,1:56,25,10.0,intento,Lore,Femenino,33,correcto,Hada,3,Fácil
26/06/21,11:02:45,1:55,25,10.0,intento,Lore,Femenino,33,error,Carne,3,Fácil
26/06/21,11:02:47,1:54,25,10.0,intento,Lore,Femenino,33,correcto,Carne,3,Fácil
26/06/21,11:02:47,1:53,25,10.0,intento,Lore,Femenino,33,error,Arbol,3,Fácil
26/06/21,11:02:48,1:52,25,10.0,intento,Lore,Femenino,33,error,Casco,3,Fácil
26/06/21,11:02:50,1:51,25,10.0,intento,Lore,Femenino,33,error,Casco,3,Fácil
26/06/21,11:02:51,1:49,25,10.0,intento,Lore,Femenino,33,correcto,Casco,3,Fácil
26/06/21,11:02:52,1:49,25,10.0,intento,Lore,Femenino,33,error,Unicorn,3,Fácil
26/06/21,11:02:53,1:47,25,10.0,intento,Lore,Femenino,33,correcto,Castillo,3,Fácil
26/06/21,11:02:54,1:46,25,10.0,intento,Lore,Femenino,33,error,Unicorn,3,Fácil
26/06/21,11:02:55,1:45,25,10.0,intento,Lore,Femenino,33,correcto,Unicorn,3,Fácil
26/06/21,11:02:56,1:44,25,10.0,intento,Lore,Femenino,33,correcto,Arbol,3,Fácil
26/06/21,11:02:57,1:44,25,10.0,fin_partida,Lore,Femenino,33,nivel_ganado,,3,Fácil
26/06/21,11:02:57,1:44,25,10.0,fin_partida,Lore,Femenino,33,partida_ganada,,3,Fácil
26/06/21,11:08:22,2:40,26,10.0,inicio_partida,Lore,Femenino,33,,,3,Fácil
26/06/21,11:08:23,2:39,26,10.0,intento,Lore,Femenino,33,error,Casco,3,Fácil
26/06/21,11:08:24,2:38,26,10.0,intento,Lore,Femenino,33,error,Bolsa,3,Fácil
26/06/21,11:08:27,2:37,26,10.0,fin_partida,Lore,Femenino,33,abandonada,,3,Fácil
26/06/21,11:08:38,1:40,27,4.0,inicio_partida,Lore,Femenino,33,,,1,Normal
26/06/21,11:08:38,1:40,27,4.0,intento,Lore,Femenino,33,error,Bolsa,1,Normal
26/06/21,11:08:40,1:38,27,4.0,intento,Lore,Femenino,33,error,Hada,1,Normal
26/06/21,11:08:42,1:36,27,4.0,intento,Lore,Femenino,33,error,Mapa,1,Normal
26/06/21,11:08:44,1:34,27,4.0,intento,Lore,Femenino,33,error,Hada,1,Normal
26/06/21,11:08:46,1:32,27,4.0,intento,Lore,Femenino,33,error,Hada,1,Normal
26/06/21,11:08:48,1:30,27,4.0,intento,Lore,Femenino,33,correcto,Unicorn,1,Normal
26/06/21,11:08:50,1:28,27,4.0,intento,Lore,Femenino,33,correcto,Bolsa,1,Normal
26/06/21,11:08:51,1:27,27,4.0,intento,Lore,Femenino,33,error,Hada,1,Normal
26/06/21,11:08:52,1:26,27,4.0,intento,Lore,Femenino,33,correcto,Hada,1,Normal
26/06/21,11:08:54,1:25,27,4.0,intento,Lore,Femenino,33,correcto,Mapa,1,Normal
26/06/21,11:08:55,1:25,27,4.0,fin_partida,Lore,Femenino,33,nivel_ganado,,1,Normal
26/06/21,11:11:48,2:00,28,5.0,inicio_partida,Lore,Femenino,33,,,2,Normal
26/06/21,11:11:49,1:59,28,5.0,intento,Lore,Femenino,33,error,Arbol,2,Normal
26/06/21,11:11:51,1:58,28,5.0,intento,Lore,Femenino,33,error,Espada,2,Normal
26/06/21,11:11:52,1:56,28,5.0,intento,Lore,Femenino,33,error,Arbol,2,Normal
26/06/21,11:11:54,1:54,28,5.0,intento,Lore,Femenino,33,error,Unicorn,2,Normal
26/06/21,11:11:56,1:53,28,5.0,intento,Lore,Femenino,33,error,Arbol,2,Normal
26/06/21,11:11:58,1:51,28,5.0,intento,Lore,Femenino,33,correcto,Unicorn,2,Normal
26/06/21,11:11:59,1:49,28,5.0,intento,Lore,Femenino,33,error,Dragon,2,Normal
26/06/21,11:12:00,1:48,28,5.0,intento,Lore,Femenino,33,error,Dragon,2,Normal
26/06/21,11:12:02,1:47,28,5.0,intento,Lore,Femenino,33,correcto,Arbol,2,Normal
26/06/21,11:12:03,1:45,28,5.0,intento,Lore,Femenino,33,error,Dragon,2,Normal
26/06/21,11:12:05,1:43,28,5.0,intento,Lore,Femenino,33,error,Dragon,2,Normal
26/06/21,11:12:07,1:41,28,5.0,intento,Lore,Femenino,33,correcto,Dragon,2,Normal
26/06/21,11:12:08,1:40,28,5.0,intento,Lore,Femenino,33,error,Espada,2,Normal
26/06/21,11:12:10,1:38,28,5.0,intento,Lore,Femenino,33,correcto,Espada,2,Normal
26/06/21,11:12:11,1:37,28,5.0,intento,Lore,Femenino,33,correcto,Arco,2,Normal
26/06/21,11:12:13,1:37,28,5.0,fin_partida,Lore,Femenino,33,nivel_ganado,,2,Normal
26/06/21,11:14:30,1:40,29,4.0,inicio_partida,Lore,Femenino,33,,,1,Normal
26/06/21,11:14:31,1:39,29,4.0,intento,Lore,Femenino,33,error,Espada,1,Normal
26/06/21,11:14:33,1:38,29,4.0,intento,Lore,Femenino,33,error,Espada,1,Normal
26/06/21,11:14:34,1:37,29,4.0,intento,Lore,Femenino,33,correcto,Espada,1,Normal
26/06/21,11:14:35,1:36,29,4.0,intento,Lore,Femenino,33,error,Castillo,1,Normal
26/06/21,11:14:37,1:33,29,4.0,intento,Lore,Femenino,33,correcto,Unicorn,1,Normal
26/06/21,11:14:39,1:32,29,4.0,intento,Lore,Femenino,33,error,Bolsa,1,Normal
26/06/21,11:14:40,1:30,29,4.0,intento,Lore,Femenino,33,correcto,Castillo,1,Normal
26/06/21,11:14:42,1:29,29,4.0,intento,Lore,Femenino,33,correcto,Bolsa,1,Normal
26/06/21,11:14:42,1:29,29,4.0,fin_partida,Lore,Femenino,33,nivel_ganado,,1,Normal
26/06/21,11:20:48,1:40,30,4.0,inicio_partida,Lore,Femenino,33,,,1,Normal
26/06/21,11:20:49,1:39,30,4.0,intento,Lore,Femenino,33,error,Arbol,1,Normal
26/06/21,11:20:50,1:38,30,4.0,intento,Lore,Femenino,33,error,Mapa,1,Normal
26/06/21,11:20:52,1:37,30,4.0,intento,Lore,Femenino,33,error,Hada,1,Normal
26/06/21,11:20:54,1:35,30,4.0,intento,Lore,Femenino,33,error,Arco,1,Normal
26/06/21,11:20:56,1:33,30,4.0,intento,Lore,Femenino,33,error,Hada,1,Normal
26/06/21,11:20:57,1:31,30,4.0,intento,Lore,Femenino,33,error,Arco,1,Normal
26/06/21,11:20:59,1:30,30,4.0,intento,Lore,Femenino,33,correcto,Arbol,1,Normal
26/06/21,11:21:00,1:28,30,4.0,intento,Lore,Femenino,33,error,Arco,1,Normal
26/06/21,11:21:02,1:26,30,4.0,intento,Lore,Femenino,33,error,Hada,1,Normal
26/06/21,11:21:05,1:24,30,4.0,intento,Lore,Femenino,33,error,Hada,1,Normal
26/06/21,11:21:06,1:22,30,4.0,intento,Lore,Femenino,33,correcto,Hada,1,Normal
26/06/21,11:21:07,1:21,30,4.0,intento,Lore,Femenino,33,correcto,Arco,1,Normal
26/06/21,11:21:08,1:20,30,4.0,intento,Lore,Femenino,33,correcto,Mapa,1,Normal
26/06/21,11:21:09,1:20,30,4.0,fin_partida,Lore,Femenino,33,nivel_ganado,,1,Normal
26/06/21,11:28:48,1:40,31,4.0,inicio_partida,Lore,Femenino,33,,,1,Normal
26/06/21,11:28:49,1:39,31,4.0,intento,Lore,Femenino,33,correcto,Mapa,1,Normal
26/06/21,11:28:50,1:38,31,4.0,intento,Lore,Femenino,33,error,Espada,1,Normal
26/06/21,11:28:52,1:36,31,4.0,intento,Lore,Femenino,33,error,Castillo,1,Normal
26/06/21,11:28:54,1:35,31,4.0,intento,Lore,Femenino,33,correcto,Espada,1,Normal
26/06/21,11:28:55,1:33,31,4.0,intento,Lore,Femenino,33,error,Castillo,1,Normal
26/06/21,11:28:58,1:30,31,4.0,intento,Lore,Femenino,33,error,Castillo,1,Normal
26/06/21,11:28:59,1:29,31,4.0,intento,Lore,Femenino,33,correcto,Castillo,1,Normal
26/06/21,11:29:00,1:28,31,4.0,intento,Lore,Femenino,33,correcto,Casco,1,Normal
26/06/21,11:29:01,1:28,31,4.0,fin_partida,Lore,Femenino,33,nivel_ganado,,1,Normal
26/06/21,11:37:44,1:40,32,4.0,inicio_partida,Lore,Femenino,33,,,1,Normal
26/06/21,11:37:46,1:39,32,4.0,intento,Lore,Femenino,33,error,Mapa,1,Normal
26/06/21,11:37:47,1:38,32,4.0,intento,Lore,Femenino,33,error,Fuego,1,Normal
26/06/21,11:37:48,1:36,32,4.0,intento,Lore,Femenino,33,correcto,Mapa,1,Normal
26/06/21,11:37:50,1:35,32,4.0,intento,Lore,Femenino,33,error,Carne,1,Normal
26/06/21,11:37:52,1:33,32,4.0,intento,Lore,Femenino,33,error,Dragon,1,Normal
26/06/21,11:37:54,1:31,32,4.0,intento,Lore,Femenino,33,correcto,Fuego,1,Normal
26/06/21,11:37:55,1:30,32,4.0,intento,Lore,Femenino,33,error,Carne,1,Normal
26/06/21,11:37:58,1:27,32,4.0,intento,Lore,Femenino,33,error,Dragon,1,Normal
26/06/21,11:38:00,1:25,32,4.0,intento,Lore,Femenino,33,correcto,Dragon,1,Normal
26/06/21,11:38:01,1:23,32,4.0,intento,Lore,Femenino,33,correcto,Carne,1,Normal
26/06/21,11:38:02,1:23,32,4.0,fin_partida,Lore,Femenino,33,nivel_ganado,,1,Normal
26/06/21,11:50:47,1:40,33,4.0,inicio_partida,Lore,Femenino,33,,,1,Normal
26/06/21,11:50:48,1:39,33,4.0,intento,Lore,Femenino,33,error,Espada,1,Normal
26/06/21,11:50:53,1:34,33,4.0,intento,Lore,Femenino,33,error,Pocima,1,Normal
26/06/21,11:50:54,1:33,33,4.0,intento,Lore,Femenino,33,error,Espada,1,Normal
26/06/21,11:50:55,1:32,33,4.0,intento,Lore,Femenino,33,error,Libro,1,Normal
26/06/21,11:50:57,1:30,33,4.0,intento,Lore,Femenino,33,error,Pocima,1,Normal
26/06/21,11:50:59,1:28,33,4.0,intento,Lore,Femenino,33,correcto,Pocima,1,Normal
26/06/21,11:51:01,1:26,33,4.0,intento,Lore,Femenino,33,error,Castillo,1,Normal
26/06/21,11:51:02,1:25,33,4.0,intento,Lore,Femenino,33,correcto,Castillo,1,Normal
26/06/21,11:51:04,1:23,33,4.0,intento,Lore,Femenino,33,error,Espada,1,Normal
26/06/21,11:51:06,1:21,33,4.0,intento,Lore,Femenino,33,correcto,Espada,1,Normal
26/06/21,11:51:07,1:20,33,4.0,intento,Lore,Femenino,33,correcto,Libro,1,Normal
26/06/21,11:51:08,1:20,33,4.0,fin_partida,Lore,Femenino,33,nivel_ganado,,1,Normal
26/06/21,11:53:36,1:40,34,4.0,inicio_partida,Lore,Femenino,33,,,1,Normal
26/06/21,11:53:37,1:39,34,4.0,intento,Lore,Femenino,33,error,Libro,1,Normal
26/06/21,11:53:39,1:38,34,4.0,intento,Lore,Femenino,33,correcto,Libro,1,Normal
26/06/21,11:53:40,1:37,34,4.0,intento,Lore,Femenino,33,error,Dragon,1,Normal
26/06/21,11:53:41,1:35,34,4.0,intento,Lore,Femenino,33,error,Carne,1,Normal
26/06/21,11:53:43,1:34,34,4.0,intento,Lore,Femenino,33,error,Arbol,1,Normal
26/06/21,11:53:46,1:31,34,4.0,intento,Lore,Femenino,33,error,Dragon,1,Normal
26/06/21,11:53:47,1:29,34,4.0,intento,Lore,Femenino,33,error,Arbol,1,Normal
26/06/21,11:53:49,1:28,34,4.0,intento,Lore,Femenino,33,error,Carne,1,Normal
26/06/21,11:53:50,1:26,34,4.0,intento,Lore,Femenino,33,correcto,Carne,1,Normal
26/06/21,11:53:52,1:25,34,4.0,intento,Lore,Femenino,33,error,Dragon,1,Normal
26/06/21,11:53:54,1:22,34,4.0,intento,Lore,Femenino,33,correcto,Arbol,1,Normal
26/06/21,11:53:55,1:21,34,4.0,intento,Lore,Femenino,33,correcto,Dragon,1,Normal
26/06/21,11:53:56,1:21,34,4.0,fin_partida,Lore,Femenino,33,nivel_ganado,,1,Normal
26/06/21,11:56:00,1:40,35,4.0,inicio_partida,Lore,Femenino,33,,,1,Normal
26/06/21,11:56:01,1:39,35,4.0,intento,Lore,Femenino,33,error,Fuego,1,Normal
26/06/21,11:56:03,1:38,35,4.0,intento,Lore,Femenino,33,error,Espada,1,Normal
26/06/21,11:56:04,1:36,35,4.0,intento,Lore,Femenino,33,correcto,Castillo,1,Normal
26/06/21,11:56:05,1:35,35,4.0,intento,Lore,Femenino,33,error,Espada,1,Normal
26/06/21,11:56:07,1:33,35,4.0,intento,Lore,Femenino,33,error,Fuego,1,Normal
26/06/21,11:56:08,1:32,35,4.0,intento,Lore,Femenino,33,correcto,Espada,1,Normal
26/06/21,11:56:09,1:31,35,4.0,intento,Lore,Femenino,33,error,Casco,1,Normal
26/06/21,11:56:11,1:29,35,4.0,intento,Lore,Femenino,33,error,Casco,1,Normal
26/06/21,11:56:12,1:28,35,4.0,intento,Lore,Femenino,33,correcto,Fuego,1,Normal
26/06/21,11:56:14,1:26,35,4.0,intento,Lore,Femenino,33,correcto,Casco,1,Normal
26/06/21,11:56:15,1:26,35,4.0,fin_partida,Lore,Femenino,33,nivel_ganado,,1,Normal
26/06/21,11:58:01,2:00,36,5.0,inicio_partida,Lore,Femenino,33,,,2,Normal
26/06/21,11:58:02,1:59,36,5.0,intento,Lore,Femenino,33,error,Dragon,2,Normal
26/06/21,11:58:05,1:57,36,5.0,intento,Lore,Femenino,33,error,Pocima,2,Normal
26/06/21,11:58:07,1:55,36,5.0,intento,Lore,Femenino,33,error,Pocima,2,Normal
26/06/21,11:58:08,1:53,36,5.0,intento,Lore,Femenino,33,error,Unicorn,2,Normal
26/06/21,11:58:10,1:51,36,5.0,intento,Lore,Femenino,33,correcto,Unicorn,2,Normal
26/06/21,11:58:12,1:50,36,5.0,intento,Lore,Femenino,33,error,Arbol,2,Normal
26/06/21,11:58:13,1:48,36,5.0,intento,Lore,Femenino,33,correcto,Pocima,2,Normal
26/06/21,11:58:15,1:46,36,5.0,intento,Lore,Femenino,33,error,Bolsa,2,Normal
26/06/21,11:58:17,1:45,36,5.0,intento,Lore,Femenino,33,error,Arbol,2,Normal
26/06/21,11:58:19,1:42,36,5.0,intento,Lore,Femenino,33,correcto,Arbol,2,Normal
26/06/21,11:58:20,1:41,36,5.0,intento,Lore,Femenino,33,correcto,Bolsa,2,Normal
26/06/21,11:58:22,1:40,36,5.0,intento,Lore,Femenino,33,correcto,Dragon,2,Normal
26/06/21,11:58:23,1:40,36,5.0,fin_partida,Lore,Femenino,33,nivel_ganado,,2,Normal
26/06/21,11:59:22,1:40,37,4.0,inicio_partida,Lore,Femenino,33,,,1,Normal
26/06/21,11:59:23,1:39,37,4.0,intento,Lore,Femenino,33,error,Pocima,1,Normal
26/06/21,11:59:24,1:38,37,4.0,intento,Lore,Femenino,33,error,Hada,1,Normal
26/06/21,11:59:26,1:37,37,4.0,intento,Lore,Femenino,33,error,Hada,1,Normal
26/06/21,11:59:27,1:35,37,4.0,intento,Lore,Femenino,33,correcto,Pocima,1,Normal
26/06/21,11:59:29,1:34,37,4.0,intento,Lore,Femenino,33,error,Hada,1,Normal
26/06/21,11:59:30,1:32,37,4.0,intento,Lore,Femenino,33,correcto,Hada,1,Normal
26/06/21,11:59:31,1:31,37,4.0,intento,Lore,Femenino,33,error,Fuego,1,Normal
26/06/21,11:59:33,1:30,37,4.0,intento,Lore,Femenino,33,correcto,Libro,1,Normal
26/06/21,11:59:34,1:29,37,4.0,intento,Lore,Femenino,33,correcto,Fuego,1,Normal
26/06/21,11:59:35,1:29,37,4.0,fin_partida,Lore,Femenino,33,nivel_ganado,,1,Normal
26/06/21,12:05:17,1:40,38,4.0,inicio_partida,Lore,Femenino,33,,,1,Normal
26/06/21,12:05:18,1:39,38,4.0,intento,Lore,Femenino,33,error,Leonardo,1,Normal
26/06/21,12:05:20,1:38,38,4.0,intento,Lore,Femenino,33,correcto,Leonardo,1,Normal
26/06/21,12:05:21,1:36,38,4.0,intento,Lore,Femenino,33,error,GIorgio,1,Normal
26/06/21,12:05:23,1:34,38,4.0,intento,Lore,Femenino,33,error,GIorgio,1,Normal
26/06/21,12:05:26,1:32,38,4.0,intento,Lore,Femenino,33,correcto,GIorgio,1,Normal
26/06/21,12:05:27,1:31,38,4.0,intento,Lore,Femenino,33,error,Wojak,1,Normal
26/06/21,12:05:28,1:29,38,4.0,intento,Lore,Femenino,33,correcto,Wojak,1,Normal
26/06/21,12:05:29,1:28,38,4.0,intento,Lore,Femenino,33,correcto,Kenny,1,Normal
26/06/21,12:05:31,1:28,38,4.0,fin_partida,Lore,Femenino,33,nivel_ganado,,1,Normal
26/06/21,12:05:50,1:40,39,4.0,inicio_partida,Lore,Femenino,33,,,1,Normal
26/06/21,12:05:51,1:40,39,4.0,intento,Lore,Femenino,33,error,Wojak,1,Normal
26/06/21,12:05:52,1:38,39,4.0,intento,Lore,Femenino,33,error,Harold,1,Normal
26/06/21,12:05:54,1:37,39,4.0,intento,Lore,Femenino,33,correcto,Harold,1,Normal
26/06/21,12:05:55,1:36,39,4.0,intento,Lore,Femenino,33,error,Cheems,1,Normal
26/06/21,12:05:57,1:34,39,4.0,intento,Lore,Femenino,33,error,Wojak,1,Normal
26/06/21,12:05:59,1:32,39,4.0,intento,Lore,Femenino,33,error,Leonardo,1,Normal
26/06/21,12:06:01,1:30,39,4.0,intento,Lore,Femenino,33,correcto,Cheems,1,Normal
26/06/21,12:06:02,1:28,39,4.0,intento,Lore,Femenino,33,error,Leonardo,1,Normal
26/06/21,12:06:04,1:27,39,4.0,intento,Lore,Femenino,33,correcto,Leonardo,1,Normal
26/06/21,12:06:05,1:26,39,4.0,intento,Lore,Femenino,33,correcto,Wojak,1,Normal
26/06/21,12:06:06,1:26,39,4.0,fin_partida,Lore,Femenino,33,nivel_ganado,,1,Normal
26/06/21,12:06:10,2:00,40,5.0,inicio_partida,Lore,Femenino,33,,,2,Normal
26/06/21,12:06:11,2:00,40,5.0,intento,Lore,Femenino,33,error,Chad,2,Normal
26/06/21,12:06:13,1:58,40,5.0,intento,Lore,Femenino,33,error,Cheems,2,Normal
26/06/21,12:06:14,1:57,40,5.0,intento,Lore,Femenino,33,error,Kenny,2,Normal
26/06/21,12:06:16,1:55,40,5.0,intento,Lore,Femenino,33,error,Apu,2,Normal
26/06/21,12:06:18,1:53,40,5.0,intento,Lore,Femenino,33,error,Mike,2,Normal
26/06/21,12:06:20,1:51,40,5.0,intento,Lore,Femenino,33,error,Kenny,2,Normal
26/06/21,12:06:22,1:49,40,5.0,intento,Lore,Femenino,33,error,Kenny,2,Normal
26/06/21,12:06:23,1:48,40,5.0,intento,Lore,Femenino,33,error,Kenny,2,Normal
26/06/21,12:06:25,1:46,40,5.0,intento,Lore,Femenino,33,error,Mike,2,Normal
26/06/21,12:06:27,1:44,40,5.0,intento,Lore,Femenino,33,correcto,Chad,2,Normal
26/06/21,12:06:28,1:43,40,5.0,intento,Lore,Femenino,33,error,Mike,2,Normal
26/06/21,12:06:30,1:41,40,5.0,intento,Lore,Femenino,33,error,Kenny,2,Normal
26/06/21,12:06:32,1:39,40,5.0,intento,Lore,Femenino,33,correcto,Mike,2,Normal
26/06/21,12:06:34,1:37,40,5.0,intento,Lore,Femenino,33,error,Cheems,2,Normal
26/06/21,12:06:35,1:36,40,5.0,intento,Lore,Femenino,33,error,Kenny,2,Normal
26/06/21,12:06:37,1:34,40,5.0,intento,Lore,Femenino,33,error,Kenny,2,Normal
26/06/21,12:06:39,1:32,40,5.0,intento,Lore,Femenino,33,error,Kenny,2,Normal
26/06/21,12:06:41,1:30,40,5.0,intento,Lore,Femenino,33,error,Kenny,2,Normal
26/06/21,12:06:43,1:28,40,5.0,intento,Lore,Femenino,33,correcto,Apu,2,Normal
26/06/21,12:06:44,1:27,40,5.0,intento,Lore,Femenino,33,error,Cheems,2,Normal
26/06/21,12:06:46,1:25,40,5.0,intento,Lore,Femenino,33,error,Cheems,2,Normal
26/06/21,12:06:47,1:24,40,5.0,intento,Lore,Femenino,33,correcto,Cheems,2,Normal
26/06/21,12:06:48,1:23,40,5.0,intento,Lore,Femenino,33,correcto,Kenny,2,Normal
26/06/21,12:06:50,1:23,40,5.0,fin_partida,Lore,Femenino,33,nivel_ganado,,2,Normal
26/06/21,12:07:01,2:20,41,8.0,inicio_partida,Lore,Femenino,33,,,3,Normal
26/06/21,12:07:02,2:19,41,8.0,intento,Lore,Femenino,33,error,Fry,3,Normal
26/06/21,12:07:03,2:18,41,8.0,intento,Lore,Femenino,33,error,GIorgio,3,Normal
26/06/21,12:07:05,2:16,41,8.0,intento,Lore,Femenino,33,error,Wojak,3,Normal
26/06/21,12:07:06,2:15,41,8.0,intento,Lore,Femenino,33,correcto,GIorgio,3,Normal
26/06/21,12:07:07,2:14,41,8.0,intento,Lore,Femenino,33,error,Apu,3,Normal
26/06/21,12:07:09,2:12,41,8.0,intento,Lore,Femenino,33,error,Apu,3,Normal
26/06/21,12:07:11,2:10,41,8.0,intento,Lore,Femenino,33,error,Harold,3,Normal
26/06/21,12:07:13,2:08,41,8.0,intento,Lore,Femenino,33,error,Fry,3,Normal
26/06/21,12:07:16,2:05,41,8.0,intento,Lore,Femenino,33,error,Fry,3,Normal
26/06/21,12:07:18,2:03,41,8.0,intento,Lore,Femenino,33,error,Wojak,3,Normal
26/06/21,12:07:19,2:02,41,8.0,intento,Lore,Femenino,33,error,Wojak,3,Normal
26/06/21,12:07:21,2:00,41,8.0,intento,Lore,Femenino,33,error,Harold,3,Normal
26/06/21,12:07:23,1:58,41,8.0,intento,Lore,Femenino,33,error,Doge,3,Normal
26/06/21,12:07:24,1:57,41,8.0,intento,Lore,Femenino,33,error,Harold,3,Normal
26/06/21,12:07:26,1:55,41,8.0,intento,Lore,Femenino,33,error,Wojak,3,Normal
26/06/21,12:07:28,1:53,41,8.0,intento,Lore,Femenino,33,correcto,Wojak,3,Normal
26/06/21,12:07:30,1:52,41,8.0,intento,Lore,Femenino,33,error,Apu,3,Normal
26/06/21,12:07:31,1:50,41,8.0,intento,Lore,Femenino,33,error,Doge,3,Normal
26/06/21,12:07:33,1:48,41,8.0,intento,Lore,Femenino,33,error,Kayode,3,Normal
26/06/21,12:07:34,1:47,41,8.0,intento,Lore,Femenino,33,error,Harold,3,Normal
26/06/21,12:07:35,1:46,41,8.0,intento,Lore,Femenino,33,error,Harold,3,Normal
26/06/21,12:07:38,1:43,41,8.0,intento,Lore,Femenino,33,error,Kayode,3,Normal
26/06/21,12:07:39,1:42,41,8.0,intento,Lore,Femenino,33,correcto,Kayode,3,Normal
26/06/21,12:07:41,1:40,41,8.0,intento,Lore,Femenino,33,error,Fry,3,Normal
26/06/21,12:07:42,1:39,41,8.0,intento,Lore,Femenino,33,error,Harold,3,Normal
26/06/21,12:07:44,1:37,41,8.0,intento,Lore,Femenino,33,error,Apu,3,Normal
26/06/21,12:07:46,1:36,41,8.0,intento,Lore,Femenino,33,error,Mike,3,Normal
26/06/21,12:07:48,1:34,41,8.0,intento,Lore,Femenino,33,error,Fry,3,Normal
26/06/21,12:07:49,1:32,41,8.0,intento,Lore,Femenino,33,error,Harold,3,Normal
26/06/21,12:07:52,1:29,41,8.0,intento,Lore,Femenino,33,error,Mike,3,Normal
26/06/21,12:07:53,1:28,41,8.0,intento,Lore,Femenino,33,correcto,Doge,3,Normal
26/06/21,12:07:55,1:26,41,8.0,intento,Lore,Femenino,33,error,Fry,3,Normal
26/06/21,12:07:56,1:25,41,8.0,intento,Lore,Femenino,33,error,Harold,3,Normal
26/06/21,12:07:59,1:22,41,8.0,intento,Lore,Femenino,33,correcto,Fry,3,Normal
26/06/21,12:08:00,1:21,41,8.0,intento,Lore,Femenino,33,error,Mike,3,Normal
26/06/21,12:08:03,1:18,41,8.0,intento,Lore,Femenino,33,error,Harold,3,Normal
26/06/21,12:08:05,1:16,41,8.0,intento,Lore,Femenino,33,error,Apu,3,Normal
26/06/21,12:08:07,1:14,41,8.0,intento,Lore,Femenino,33,error,Apu,3,Normal
26/06/21,12:08:09,1:12,41,8.0,intento,Lore,Femenino,33,correcto,Harold,3,Normal
26/06/21,12:08:11,1:10,41,8.0,intento,Lore,Femenino,33,error,Apu,3,Normal
26/06/21,12:08:13,1:08,41,8.0,intento,Lore,Femenino,33,correcto,Mike,3,Normal
26/06/21,12:08:15,1:06,41,8.0,intento,Lore,Femenino,33,correcto,Apu,3,Normal
26/06/21,12:08:16,1:06,41,8.0,fin_partida,Lore,Femenino,33,nivel_ganado,,3,Normal
26/06/21,12:08:20,3:00,42,10.0,inicio_partida,Lore,Femenino,33,,,4,Normal
26/06/21,12:08:21,3:00,42,10.0,intento,Lore,Femenino,33,error,Wojak,4,Normal
26/06/21,12:08:22,2:58,42,10.0,intento,Lore,Femenino,33,error,Cheems,4,Normal
26/06/21,12:08:24,2:57,42,10.0,intento,Lore,Femenino,33,error,Wojak,4,Normal
26/06/21,12:08:25,2:56,42,10.0,intento,Lore,Femenino,33,error,Doge,4,Normal
26/06/21,12:08:26,2:54,42,10.0,intento,Lore,Femenino,33,error,Cheems,4,Normal
26/06/21,12:08:28,2:52,42,10.0,intento,Lore,Femenino,33,error,Leonardo,4,Normal
26/06/21,12:08:30,2:51,42,10.0,intento,Lore,Femenino,33,error,Wojak,4,Normal
26/06/21,12:08:31,2:49,42,10.0,intento,Lore,Femenino,33,error,Harold,4,Normal
26/06/21,12:08:33,2:47,42,10.0,intento,Lore,Femenino,33,error,Yutaro,4,Normal
26/06/21,12:08:35,2:45,42,10.0,intento,Lore,Femenino,33,error,Cheems,4,Normal
26/06/21,12:08:37,2:44,42,10.0,intento,Lore,Femenino,33,error,Doge,4,Normal
26/06/21,12:08:38,2:42,42,10.0,intento,Lore,Femenino,33,error,Yutaro,4,Normal
26/06/21,12:08:40,2:41,42,10.0,intento,Lore,Femenino,33,error,Apu,4,Normal
26/06/21,12:08:42,2:39,42,10.0,intento,Lore,Femenino,33,error,Mike,4,Normal
26/06/21,12:08:44,2:37,42,10.0,intento,Lore,Femenino,33,error,Harold,4,Normal
26/06/21,12:08:45,2:35,42,10.0,intento,Lore,Femenino,33,error,Apu,4,Normal
26/06/21,12:08:47,2:34,42,10.0,intento,Lore,Femenino,33,correcto,Harold,4,Normal
26/06/21,12:08:49,2:31,42,10.0,intento,Lore,Femenino,33,error,Wojak,4,Normal
26/06/21,12:08:51,2:30,42,10.0,intento,Lore,Femenino,33,error,Apu,4,Normal
26/06/21,12:08:53,2:27,42,10.0,intento,Lore,Femenino,33,error,Yutaro,4,Normal
26/06/21,12:08:55,2:25,42,10.0,intento,Lore,Femenino,33,error,Doge,4,Normal
26/06/21,12:08:57,2:24,42,10.0,intento,Lore,Femenino,33,correcto,Doge,4,Normal
26/06/21,12:08:58,2:22,42,10.0,intento,Lore,Femenino,33,error,Leonardo,4,Normal
26/06/21,12:09:00,2:20,42,10.0,intento,Lore,Femenino,33,error,Leonardo,4,Normal
26/06/21,12:09:02,2:18,42,10.0,intento,Lore,Femenino,33,error,Cheems,4,Normal
26/06/21,12:09:04,2:16,42,10.0,intento,Lore,Femenino,33,error,Wojak,4,Normal
26/06/21,12:09:06,2:15,42,10.0,intento,Lore,Femenino,33,error,Chad,4,Normal
26/06/21,12:09:08,2:13,42,10.0,intento,Lore,Femenino,33,error,Wojak,4,Normal
26/06/21,12:09:09,2:12,42,10.0,intento,Lore,Femenino,33,error,Cheems,4,Normal
26/06/21,12:09:10,2:10,42,10.0,intento,Lore,Femenino,33,error,Yutaro,4,Normal
26/06/21,12:09:12,2:09,42,10.0,intento,Lore,Femenino,33,error,Kayode,4,Normal
26/06/21,12:09:13,2:07,42,10.0,intento,Lore,Femenino,33,error,Apu,4,Normal
26/06/21,12:09:15,2:06,42,10.0,intento,Lore,Femenino,33,error,Yutaro,4,Normal
26/06/21,12:09:17,2:03,42,10.0,intento,Lore,Femenino,33,correcto,Yutaro,4,Normal
26/06/21,12:09:19,2:02,42,10.0,intento,Lore,Femenino,33,error,Cheems,4,Normal
26/06/21,12:09:21,2:00,42,10.0,intento,Lore,Femenino,33,error,Wojak,4,Normal
26/06/21,12:09:22,1:58,42,10.0,intento,Lore,Femenino,33,error,Cheems,4,Normal
26/06/21,12:09:24,1:56,42,10.0,intento,Lore,Femenino,33,error,Kayode,4,Normal
26/06/21,12:09:26,1:55,42,10.0,intento,Lore,Femenino,33,correcto,Wojak,4,Normal
26/06/21,12:09:28,1:53,42,10.0,intento,Lore,Femenino,33,error,Chad,4,Normal
26/06/21,12:09:30,1:51,42,10.0,intento,Lore,Femenino,33,correcto,Chad,4,Normal
26/06/21,12:09:31,1:50,42,10.0,intento,Lore,Femenino,33,error,Mike,4,Normal
26/06/21,12:09:32,1:48,42,10.0,intento,Lore,Femenino,33,error,Cheems,4,Normal
26/06/21,12:09:34,1:47,42,10.0,intento,Lore,Femenino,33,error,Mike,4,Normal
26/06/21,12:09:35,1:45,42,10.0,intento,Lore,Femenino,33,error,Apu,4,Normal
26/06/21,12:09:37,1:44,42,10.0,intento,Lore,Femenino,33,error,Mike,4,Normal
26/06/21,12:09:39,1:42,42,10.0,intento,Lore,Femenino,33,error,Cheems,4,Normal
26/06/21,12:09:41,1:40,42,10.0,intento,Lore,Femenino,33,correcto,Mike,4,Normal
26/06/21,12:09:43,1:38,42,10.0,intento,Lore,Femenino,33,error,Leonardo,4,Normal
26/06/21,12:09:45,1:36,42,10.0,intento,Lore,Femenino,33,error,Cheems,4,Normal
26/06/21,12:09:46,1:34,42,10.0,intento,Lore,Femenino,33,error,Apu,4,Normal
26/06/21,12:09:49,1:32,42,10.0,intento,Lore,Femenino,33,error,Leonardo,4,Normal
26/06/21,12:09:51,1:30,42,10.0,intento,Lore,Femenino,33,error,Kayode,4,Normal
26/06/21,12:09:53,1:27,42,10.0,intento,Lore,Femenino,33,error,Apu,4,Normal
26/06/21,12:09:56,1:25,42,10.0,intento,Lore,Femenino,33,error,Cheems,4,Normal
26/06/21,12:09:58,1:23,42,10.0,intento,Lore,Femenino,33,correcto,Kayode,4,Normal
26/06/21,12:09:59,1:21,42,10.0,intento,Lore,Femenino,33,error,Leonardo,4,Normal
26/06/21,12:10:01,1:19,42,10.0,intento,Lore,Femenino,33,correcto,Leonardo,4,Normal
26/06/21,12:10:03,1:18,42,10.0,intento,Lore,Femenino,33,error,Cheems,4,Normal
26/06/21,12:10:05,1:16,42,10.0,intento,Lore,Femenino,33,correcto,Cheems,4,Normal
26/06/21,12:10:07,1:14,42,10.0,intento,Lore,Femenino,33,correcto,Apu,4,Normal
26/06/21,12:10:08,1:14,42,10.0,fin_partida,Lore,Femenino,33,nivel_ganado,,4,Normal
26/06/21,12:10:08,1:14,42,10.0,fin_partida,Lore,Femenino,33,partida_ganada,,4,Normal
26/06/21,12:28:32,2:00,43,6.0,inicio_partida,Relderf,Masculino,30,,,1,Fácil
26/06/21,12:28:33,2:00,43,6.0,intento,Relderf,Masculino,30,error,Kobe Bryant,1,Fácil
26/06/21,12:28:34,1:58,43,6.0,intento,Relderf,Masculino,30,error,Ray Allen,1,Fácil
26/06/21,12:28:35,1:57,43,6.0,intento,Relderf,Masculino,30,error,Tracy McGrady,1,Fácil
26/06/21,12:28:37,1:56,43,6.0,intento,Relderf,Masculino,30,error,Tracy McGrady,1,Fácil
26/06/21,12:28:38,1:54,43,6.0,intento,Relderf,Masculino,30,error,Jrue Holiday,1,Fácil
26/06/21,12:28:40,1:53,43,6.0,intento,Relderf,Masculino,30,error,Josh Howard,1,Fácil
26/06/21,12:28:41,1:51,43,6.0,intento,Relderf,Masculino,30,error,Jrue Holiday,1,Fácil
26/06/21,12:28:42,1:50,43,6.0,intento,Relderf,Masculino,30,correcto,Josh Howard,1,Fácil
26/06/21,12:28:43,1:50,43,6.0,intento,Relderf,Masculino,30,error,Kobe Bryant,1,Fácil
26/06/21,12:28:44,1:48,43,6.0,intento,Relderf,Masculino,30,error,Brandon Roy,1,Fácil
26/06/21,12:28:46,1:47,43,6.0,intento,Relderf,Masculino,30,correcto,Kobe Bryant,1,Fácil
26/06/21,12:28:47,1:46,43,6.0,intento,Relderf,Masculino,30,error,Ray Allen,1,Fácil
26/06/21,12:28:48,1:44,43,6.0,intento,Relderf,Masculino,30,error,Ray Allen,1,Fácil
26/06/21,12:28:49,1:43,43,6.0,intento,Relderf,Masculino,30,error,Jrue Holiday,1,Fácil
26/06/21,12:28:51,1:42,43,6.0,intento,Relderf,Masculino,30,correcto,Ray Allen,1,Fácil
26/06/21,12:28:52,1:41,43,6.0,intento,Relderf,Masculino,30,correcto,Brandon Roy,1,Fácil
26/06/21,12:28:53,1:40,43,6.0,intento,Relderf,Masculino,30,error,Jrue Holiday,1,Fácil
26/06/21,12:28:54,1:39,43,6.0,intento,Relderf,Masculino,30,correcto,Jrue Holiday,1,Fácil
26/06/21,12:28:55,1:38,43,6.0,intento,Relderf,Masculino,30,correcto,Tracy McGrady,1,Fácil
26/06/21,12:29:07,1:38,43,6.0,fin_partida,Relderf,Masculino,30,nivel_ganado,,1,Fácil
26/06/21,12:29:17,2:20,44,8.0,inicio_partida,Relderf,Masculino,30,,,2,Fácil
26/06/21,12:29:19,2:19,44,8.0,intento,Relderf,Masculino,30,error,Jason Kidd,2,Fácil
26/06/21,12:29:20,2:18,44,8.0,intento,Relderf,Masculino,30,error,Jason Kidd,2,Fácil
26/06/21,12:29:21,2:16,44,8.0,intento,Relderf,Masculino,30,error,Kobe Bryant,2,Fácil
26/06/21,12:29:23,2:15,44,8.0,intento,Relderf,Masculino,30,error,Manu Ginobili,2,Fácil
26/06/21,12:29:24,2:14,44,8.0,intento,Relderf,Masculino,30,error,Jason Kidd,2,Fácil
26/06/21,12:29:25,2:13,44,8.0,intento,Relderf,Masculino,30,error,Kyle Korver,2,Fácil
26/06/21,12:29:26,2:12,44,8.0,intento,Relderf,Masculino,30,error,Manu Ginobili,2,Fácil
26/06/21,12:29:27,2:10,44,8.0,intento,Relderf,Masculino,30,error,Kyle Korver,2,Fácil
26/06/21,12:29:28,2:09,44,8.0,intento,Relderf,Masculino,30,error,Jrue Holiday,2,Fácil
26/06/21,12:29:29,2:09,44,8.0,intento,Relderf,Masculino,30,correcto,Jrue Holiday,2,Fácil
26/06/21,12:29:30,2:08,44,8.0,intento,Relderf,Masculino,30,error,Kobe Bryant,2,Fácil
26/06/21,12:29:31,2:06,44,8.0,intento,Relderf,Masculino,30,error,Kyle Korver,2,Fácil
26/06/21,12:29:33,2:05,44,8.0,intento,Relderf,Masculino,30,error,Brandon Roy,2,Fácil
26/06/21,12:29:34,2:04,44,8.0,intento,Relderf,Masculino,30,error,Allan Houston,2,Fácil
26/06/21,12:29:36,2:01,44,8.0,intento,Relderf,Masculino,30,error,Jason Kidd,2,Fácil
26/06/21,12:29:38,2:00,44,8.0,intento,Relderf,Masculino,30,correcto,Kobe Bryant,2,Fácil
26/06/21,12:29:40,1:58,44,8.0,intento,Relderf,Masculino,30,correcto,Manu Ginobili,2,Fácil
26/06/21,12:29:41,1:57,44,8.0,intento,Relderf,Masculino,30,error,Brandon Roy,2,Fácil
26/06/21,12:29:42,1:56,44,8.0,intento,Relderf,Masculino,30,error,Tracy McGrady,2,Fácil
26/06/21,12:29:43,1:54,44,8.0,intento,Relderf,Masculino,30,correcto,Brandon Roy,2,Fácil
26/06/21,12:29:44,1:53,44,8.0,intento,Relderf,Masculino,30,error,Kyle Korver,2,Fácil
26/06/21,12:29:45,1:53,44,8.0,intento,Relderf,Masculino,30,error,Allan Houston,2,Fácil
26/06/21,12:29:47,1:51,44,8.0,intento,Relderf,Masculino,30,error,Allan Houston,2,Fácil
26/06/21,12:29:48,1:50,44,8.0,intento,Relderf,Masculino,30,correcto,Kyle Korver,2,Fácil
26/06/21,12:29:49,1:49,44,8.0,intento,Relderf,Masculino,30,correcto,Jason Kidd,2,Fácil
26/06/21,12:29:50,1:48,44,8.0,intento,Relderf,Masculino,30,error,Allan Houston,2,Fácil
26/06/21,12:29:51,1:47,44,8.0,intento,Relderf,Masculino,30,correcto,Allan Houston,2,Fácil
26/06/21,12:29:52,1:46,44,8.0,intento,Relderf,Masculino,30,correcto,Tracy McGrady,2,Fácil
26/06/21,12:29:53,1:46,44,8.0,fin_partida,Relderf,Masculino,30,nivel_ganado,,2,Fácil
26/06/21,12:30:33,2:40,45,10.0,inicio_partida,Relderf,Masculino,30,,,3,Fácil
26/06/21,12:30:33,2:40,45,10.0,intento,Relderf,Masculino,30,error,Klay Thompson,3,Fácil
26/06/21,12:30:35,2:39,45,10.0,intento,Relderf,Masculino,30,error,Allan Houston,3,Fácil
26/06/21,12:30:36,2:38,45,10.0,intento,Relderf,Masculino,30,error,Brandon Roy,3,Fácil
26/06/21,12:30:36,2:37,45,10.0,intento,Relderf,Masculino,30,error,Ray Allen,3,Fácil
26/06/21,12:30:38,2:35,45,10.0,intento,Relderf,Masculino,30,correcto,Brandon Roy,3,Fácil
26/06/21,12:30:39,2:34,45,10.0,intento,Relderf,Masculino,30,error,Klay Thompson,3,Fácil
26/06/21,12:30:40,2:33,45,10.0,intento,Relderf,Masculino,30,error,Ray Allen,3,Fácil
26/06/21,12:30:41,2:32,45,10.0,intento,Relderf,Masculino,30,error,Allan Houston,3,Fácil
26/06/21,12:30:42,2:31,45,10.0,intento,Relderf,Masculino,30,error,Josh Howard,3,Fácil
26/06/21,12:30:43,2:30,45,10.0,intento,Relderf,Masculino,30,error,Kyle Korver,3,Fácil
26/06/21,12:30:45,2:29,45,10.0,intento,Relderf,Masculino,30,error,Ray Allen,3,Fácil
26/06/21,12:30:46,2:27,45,10.0,intento,Relderf,Masculino,30,correcto,Allan Houston,3,Fácil
26/06/21,12:30:47,2:26,45,10.0,intento,Relderf,Masculino,30,error,Josh Howard,3,Fácil
26/06/21,12:30:48,2:25,45,10.0,intento,Relderf,Masculino,30,error,Kyle Korver,3,Fácil
26/06/21,12:30:49,2:24,45,10.0,intento,Relderf,Masculino,30,correcto,John Wall,3,Fácil
26/06/21,12:30:51,2:22,45,10.0,intento,Relderf,Masculino,30,error,Kyle Lowry,3,Fácil
26/06/21,12:30:52,2:21,45,10.0,intento,Relderf,Masculino,30,correcto,Josh Howard,3,Fácil
26/06/21,12:30:53,2:20,45,10.0,intento,Relderf,Masculino,30,error,Kyle Lowry,3,Fácil
26/06/21,12:30:54,2:19,45,10.0,intento,Relderf,Masculino,30,correcto,Manu Ginobili,3,Fácil
26/06/21,12:30:55,2:18,45,10.0,intento,Relderf,Masculino,30,error,Klay Thompson,3,Fácil
26/06/21,12:30:57,2:17,45,10.0,intento,Relderf,Masculino,30,error,Kyle Lowry,3,Fácil
26/06/21,12:30:58,2:15,45,10.0,intento,Relderf,Masculino,30,error,Kyle Korver,3,Fácil
26/06/21,12:30:59,2:14,45,10.0,intento,Relderf,Masculino,30,error,Ray Allen,3,Fácil
26/06/21,12:31:00,2:13,45,10.0,intento,Relderf,Masculino,30,error,Kyle Korver,3,Fácil
26/06/21,12:31:01,2:12,45,10.0,intento,Relderf,Masculino,30,error,Ray Allen,3,Fácil
26/06/21,12:31:03,2:10,45,10.0,intento,Relderf,Masculino,30,error,Kobe Bryant,3,Fácil
26/06/21,12:31:04,2:09,45,10.0,intento,Relderf,Masculino,30,correcto,Kyle Korver,3,Fácil
26/06/21,12:31:05,2:08,45,10.0,intento,Relderf,Masculino,30,error,Klay Thompson,3,Fácil
26/06/21,12:31:06,2:07,45,10.0,intento,Relderf,Masculino,30,error,Ray Allen,3,Fácil
26/06/21,12:31:08,2:05,45,10.0,intento,Relderf,Masculino,30,error,Kyle Lowry,3,Fácil
26/06/21,12:31:10,2:03,45,10.0,intento,Relderf,Masculino,30,correcto,Kobe Bryant,3,Fácil
26/06/21,12:31:12,2:01,45,10.0,intento,Relderf,Masculino,30,error,Klay Thompson,3,Fácil
26/06/21,12:31:13,2:00,45,10.0,intento,Relderf,Masculino,30,correcto,Kyle Lowry,3,Fácil
26/06/21,12:31:14,1:59,45,10.0,intento,Relderf,Masculino,30,error,Ray Allen,3,Fácil
26/06/21,12:31:15,1:58,45,10.0,intento,Relderf,Masculino,30,error,Ray Allen,3,Fácil
26/06/21,12:31:17,1:56,45,10.0,intento,Relderf,Masculino,30,correcto,Ray Allen,3,Fácil
26/06/21,12:31:18,1:55,45,10.0,intento,Relderf,Masculino,30,correcto,Klay Thompson,3,Fácil
26/06/21,12:31:20,1:55,45,10.0,fin_partida,Relderf,Masculino,30,nivel_ganado,,3,Fácil
26/06/21,12:31:20,1:55,45,10.0,fin_partida,Relderf,Masculino,30,partida_ganada,,3,Fácil
